dataset,d,seed,sampler,teacher_auroc,mean_head_fid,min_head_fid,fid_ae,fid_kde,fid_knn,fid_iforest,fused_fid,student_auroc
29_Pima,8,7,normals_only,0.740179104477612,0.7096716929117414,0.5763210180250329,0.5763210180250329,0.6212567337490734,0.8204161100017642,0.8206929098710947,0.730223615642185,0.7220149253731344
29_Pima,8,7,uniform_shell,0.740179104477612,0.6246157375687869,0.575006218645713,0.575006218645713,0.6091928727774185,0.6760668484152895,0.6381970104367265,0.636463270714636,0.6215671641791045
29_Pima,8,7,disagreement_shell,0.740179104477612,0.6153287590700272,0.582232316135375,0.6142014541967908,0.582232316135375,0.6359857285977281,0.6288955373502148,0.6213221931776312,0.6624626865671642
29_Pima,8,7,shell_box_mix,0.740179104477612,0.6357125134113899,0.5783340513089702,0.6614662787312341,0.5783340513089702,0.6763455185540074,0.6267042050513482,0.6288176094590743,0.654507462686567
29_Pima,8,9,normals_only,0.7508059701492538,0.6062057408542267,0.2970966561453623,0.2970966561453623,0.6265788970023944,0.733443596104104,0.7677038141650463,0.6315457090721156,0.7470149253731343
29_Pima,8,9,uniform_shell,0.7508059701492538,0.5959382736291392,0.5590054406136478,0.5885550735109383,0.5590054406136478,0.617543625592018,0.6186489547999527,0.5975523161104381,0.7078507462686567
29_Pima,8,9,disagreement_shell,0.7508059701492538,0.5919360529959533,0.53302864566936,0.5381288702887135,0.53302864566936,0.6118773327714212,0.6847093632543185,0.570943993536349,0.6843283582089552
29_Pima,8,9,shell_box_mix,0.7508059701492538,0.6882700444563032,0.6399444654676577,0.6914005636991933,0.6962825902233536,0.7254525584350083,0.6399444654676577,0.7218529132874534,0.72944776119403
29_Pima,8,3,normals_only,0.7591194029850745,0.6943577713121871,0.5359119776415529,0.5359119776415529,0.7207201534618375,0.79927645511634,0.7215224990290184,0.7019370380044974,0.7377462686567164
29_Pima,8,3,uniform_shell,0.7591194029850745,0.5024008024702518,0.4896583454225468,0.4973401652195977,0.4896583454225468,0.4956581696172243,0.5269465296216382,0.5079994538813388,0.6459850746268656
29_Pima,8,3,disagreement_shell,0.7591194029850745,0.5591500747796043,0.4968987816441787,0.6419656032522737,0.4968987816441787,0.5246616838534032,0.5730742303685614,0.5431555309788303,0.6413582089552238
29_Pima,8,3,shell_box_mix,0.7591194029850745,0.5761271334318756,0.5048549076180435,0.5048549076180435,0.558204341892725,0.6259349009100106,0.6155143833067235,0.5857421883523363,0.6438656716417912
29_Pima,8,4,normals_only,0.7444328358208956,0.590606603173099,0.3352152399524453,0.3352152399524453,0.6294036272004497,0.6899473643852081,0.7078601811542928,0.6278855918810359,0.704268656716418
29_Pima,8,4,uniform_shell,0.7444328358208956,0.64795030943607,0.5479758386132075,0.6793504180363792,0.5479758386132075,0.6747183841869969,0.6897565969076965,0.6130206907902324,0.6203880597014926
29_Pima,8,4,disagreement_shell,0.7444328358208956,0.42299991833157,0.3482959040476992,0.41148669583871295,0.3482959040476992,0.4650892399038183,0.4671278335360497,0.38571376025764825,0.6018805970149254
29_Pima,8,4,shell_box_mix,0.7444328358208956,0.7267642406986826,0.6418010195461853,0.6418010195461853,0.7308782099277639,0.802983329042104,0.7313944042786775,0.7554148974437781,0.732820895522388
29_Pima,8,5,normals_only,0.743955223880597,0.5606776173017374,0.36754658685188146,0.36754658685188146,0.5494122055027065,0.6620591541270299,0.6636925227253315,0.5325398819361278,0.722820895522388
29_Pima,8,5,uniform_shell,0.743955223880597,0.5186021668941122,0.4656839855690013,0.4656839855690013,0.5194542304558407,0.571157204246509,0.5181132473050977,0.539121983333406,0.7205671641791045
29_Pima,8,5,disagreement_shell,0.743955223880597,0.4664779149239392,0.40097266476605725,0.40097266476605725,0.48860476033432926,0.494828393432362,0.4815058411630082,0.49201613169688907,0.6393731343283582
29_Pima,8,5,shell_box_mix,0.743955223880597,0.6659020901507249,0.6164632333092483,0.6911599223713519,0.6164632333092483,0.6985001062936433,0.657485098628656,0.6741685249871107,0.7102238805970149
29_Pima,8,0,normals_only,0.7266268656716418,0.4786477578275449,0.2982998627845692,0.2982998627845692,0.5025401375396107,0.5717357409103349,0.5420152900756647,0.46433365107132146,0.7287910447761194
29_Pima,8,0,uniform_shell,0.7266268656716418,0.5909650714723446,0.48460363069161927,0.48460363069161927,0.6466736947234089,0.5951783208347385,0.6374046396396115,0.6496330843173547,0.666044776119403
29_Pima,8,0,disagreement_shell,0.7266268656716418,0.6013254287436713,0.5238661959406427,0.5968684209377904,0.5238661959406427,0.6335599892023113,0.6510071088939413,0.5666548424079842,0.6212089552238806
29_Pima,8,0,shell_box_mix,0.7266268656716418,0.63509064884009,0.6029131315977648,0.6029131315977648,0.6382861599441911,0.6713955389087725,0.6277677649096316,0.6675328092007278,0.633731343283582
29_Pima,8,8,normals_only,0.7369701492537314,0.5994478341345358,0.4850175836493569,0.4850175836493569,0.5400920297223211,0.678872252496342,0.6938094706701236,0.6090170674550058,0.7123134328358209
29_Pima,8,8,uniform_shell,0.7369701492537314,0.44276913332340007,0.36840504050068357,0.36840504050068357,0.42372199817087647,0.4465424018124156,0.5324070928096246,0.44838337031271525,0.6608507462686567
29_Pima,8,8,disagreement_shell,0.7369701492537314,0.5496656270046949,0.5029316472646999,0.5723585406163285,0.5029316472646999,0.5657627239102095,0.5576095962275419,0.5469989345698723,0.695955223880597
29_Pima,8,8,shell_box_mix,0.7369701492537314,0.6762245744669575,0.6293506362344743,0.7004819684211248,0.6293506362344743,0.7052181139330704,0.6698475792791607,0.6715619928842483,0.6640298507462686
29_Pima,8,6,normals_only,0.7428507462686567,0.6687473933120412,0.5631929737719654,0.5631929737719654,0.6204861827614776,0.7469650203516479,0.7443453963630741,0.661841579454966,0.7449253731343284
29_Pima,8,6,uniform_shell,0.7428507462686567,0.527638841006529,0.504461527623567,0.534465635981988,0.504461527623567,0.5111059713337577,0.5605222290868035,0.5381076739023233,0.6692835820895523
29_Pima,8,6,disagreement_shell,0.7428507462686567,0.6432331783295626,0.5352043923899985,0.6863053264648727,0.5352043923899985,0.6739627953545001,0.6774601991088789,0.5934645306527799,0.6588656716417911
29_Pima,8,6,shell_box_mix,0.7428507462686567,0.5692725961271707,0.46139358759437843,0.46139358759437843,0.5418937225654858,0.6265614411547791,0.6472416331940397,0.5829311734631216,0.6504776119402985
29_Pima,8,2,normals_only,0.7224477611940299,0.6246370898109593,0.4224059519452983,0.4224059519452983,0.6926517739193426,0.747376479616869,0.6361141537623274,0.6682036124876639,0.7046567164179104
29_Pima,8,2,uniform_shell,0.7224477611940299,0.5923640329740961,0.5569288181705399,0.6521866254542416,0.5569288181705399,0.5840975981377103,0.5762430901338925,0.5909215877090882,0.6675522388059703
29_Pima,8,2,disagreement_shell,0.7224477611940299,0.630694736500863,0.5851486895334114,0.5851486895334114,0.6122975199604499,0.6895733105077345,0.6357594260018564,0.6297832918860856,0.6723283582089553
29_Pima,8,2,shell_box_mix,0.7224477611940299,0.6522523965943641,0.6273276281804709,0.6493837150657056,0.6273276281804709,0.6741990727204377,0.658099170410842,0.6585567629876181,0.6338208955223881
29_Pima,8,1,normals_only,0.7421044776119403,0.6802732401232632,0.5366600853965002,0.5366600853965002,0.6425591020711986,0.7522672340648372,0.7896065389605166,0.6823709030969789,0.6968656716417911
29_Pima,8,1,uniform_shell,0.7421044776119403,0.5533765531807983,0.42196955575491235,0.42196955575491235,0.559362038643506,0.5980323519198626,0.634142266404912,0.5750380132252982,0.6744328358208955
29_Pima,8,1,disagreement_shell,0.7421044776119403,0.5175891043092877,0.4894775527151011,0.5247146748193787,0.4894775527151011,0.5299084129081005,0.5262557767945701,0.5257084112872004,0.6267164179104477
29_Pima,8,1,shell_box_mix,0.7421044776119403,0.5978528060586753,0.49360399040676484,0.49360399040676484,0.6016432186837418,0.6616589164781329,0.6345050986660614,0.6242098891117279,0.6561343283582091
12_fault,27,8,normals_only,0.8012867756315009,0.39397869127876106,0.12341124881661521,0.30504018784245723,0.12341124881661521,0.38184154674299126,0.7656217817129806,0.45206775826763174,0.7303060921248142
12_fault,27,8,uniform_shell,0.8012867756315009,0.166889460048992,0.08421129253020428,0.15650732517556298,0.10728957953700129,0.08421129253020428,0.31954964295319943,0.103604237383685,0.5550401188707281
12_fault,27,8,disagreement_shell,0.8012867756315009,0.1775471176903352,0.025721297840082594,0.17947211589518064,0.025721297840082594,0.1662329294970355,0.33876212752904217,0.03853405628722978,0.5661812778603269
12_fault,27,8,shell_box_mix,0.8012867756315009,0.44146745896497064,0.18368742232806987,0.5062252496997054,0.18368742232806987,0.48039832905750607,0.5955588347746011,0.2610814184492762,0.5892154531946509
12_fault,27,7,normals_only,0.8129866270430905,0.5897300052059483,0.2958139199436637,0.5314001670438592,0.2958139199436637,0.6454577156059402,0.8862482182303303,0.6937717032615754,0.7339138187221397
12_fault,27,7,uniform_shell,0.8129866270430905,0.3244830998005174,0.2497826918122684,0.3460740756371067,0.28638557905073486,0.2497826918122684,0.4156900527019597,0.31131106438810113,0.5884309063893016
12_fault,27,7,disagreement_shell,0.8129866270430905,0.3835646786326843,0.33825039036738946,0.42325635374497594,0.33825039036738946,0.36462979345644103,0.40812217696193076,0.3644897635246003,0.5958424962852897
12_fault,27,7,shell_box_mix,0.8129866270430905,0.5354602280350238,0.5035316517248917,0.5692104138492713,0.5461478738125998,0.5035316517248917,0.5229509727533326,0.5862035204556292,0.5868647845468054
12_fault,27,5,normals_only,0.7846716196136702,0.5571023323152393,0.3269387118474535,0.5483860694113846,0.3269387118474535,0.5841160627283705,0.7689684852737486,0.6369787201744512,0.6971441307578009
12_fault,27,5,uniform_shell,0.7846716196136702,0.42074384592660535,0.3112577215268011,0.5254055710890668,0.3112577215268011,0.3222019838662843,0.5241101072242691,0.38121375441151373,0.5762050520059435
12_fault,27,5,disagreement_shell,0.7846716196136702,0.4015239996422289,0.29274672510262306,0.47868356274569207,0.29274672510262306,0.29436106511246174,0.5403046456081386,0.35546541115024055,0.540106983655275
12_fault,27,5,shell_box_mix,0.7846716196136702,0.48299893133187244,0.46635951151638916,0.5038441503470318,0.46635951151638916,0.4811358384033329,0.480656225060736,0.4963908731820911,0.6432362555720654
12_fault,27,9,normals_only,0.8086270430906389,0.5083092430935363,0.32513418780592424,0.4062334459976556,0.32513418780592424,0.5609508918139061,0.7409184467566596,0.5614431421000285,0.7101367013372957
12_fault,27,9,uniform_shell,0.8086270430906389,0.38508885739669835,0.30511632444301395,0.3635082155092539,0.30511632444301395,0.40181870418812715,0.46991218544639834,0.344139599724617,0.5464546805349183
12_fault,27,9,disagreement_shell,0.8086270430906389,0.4215694202028588,0.3511626696657296,0.4291272572494327,0.3511626696657296,0.38414115552526545,0.5218465983710074,0.405087342144498,0.6219940564635957
12_fault,27,9,shell_box_mix,0.8086270430906389,0.4640969081139098,0.42897266137022577,0.44533923540271614,0.42897266137022577,0.4461138682306137,0.5359618674520835,0.4675404161735241,0.6580267459138187
12_fault,27,3,normals_only,0.8165586924219911,0.5081528264709088,0.2086309379462298,0.5924631379176333,0.2086309379462298,0.4437863479437922,0.7877308820759797,0.5448449301369923,0.7138514115898961
12_fault,27,3,uniform_shell,0.8165586924219911,0.31356316652987803,0.27502036083237225,0.37897083472169124,0.31200282878571334,0.27502036083237225,0.2882586417797352,0.333150694724828,0.571037147102526
12_fault,27,3,disagreement_shell,0.8165586924219911,0.2987837099326218,0.252605414942111,0.3332753713607965,0.252605414942111,0.2706759686118794,0.3385780848157006,0.26046252315591956,0.5848053491827637
12_fault,27,3,shell_box_mix,0.8165586924219911,0.2593044712891793,0.17906785180463428,0.2975568733320022,0.2748302161681071,0.17906785180463428,0.2857629438519735,0.2705945174089054,0.6414710252600297
12_fault,27,1,normals_only,0.8138038632986627,0.4944798307295194,0.17483357027274382,0.4828178510172858,0.17483357027274382,0.5523595811179971,0.7679083205100508,0.537115726688028,0.6982109955423477
12_fault,27,1,uniform_shell,0.8138038632986627,0.33868298916230527,0.20629987459112992,0.20629987459112992,0.3657046422697809,0.38856833744119296,0.39415910234711743,0.34213386877230956,0.6657384843982169
12_fault,27,1,disagreement_shell,0.8138038632986627,0.24133397977270196,0.175053083036293,0.20871475119472263,0.3212487803971638,0.26031930446262835,0.175053083036293,0.2859004542685942,0.6161664190193166
12_fault,27,1,shell_box_mix,0.8138038632986627,0.46040917438950574,0.40024113335353145,0.43721096436334683,0.42255140125988355,0.40024113335353145,0.5816331985812611,0.4844417966789011,0.6636701337295692
12_fault,27,4,normals_only,0.8009747399702823,0.5727556867033214,0.4076569327295736,0.4236954186394996,0.4076569327295736,0.6338897157797868,0.8257806796644258,0.6463095085874527,0.7097444279346211
12_fault,27,4,uniform_shell,0.8009747399702823,0.16488865986670506,0.07764102671504977,0.18830994540840398,0.07764102671504977,0.19841430372881955,0.19518936361454697,0.10595549622797079,0.5681277860326894
12_fault,27,4,disagreement_shell,0.8009747399702823,0.32156877851382615,0.1878972173214152,0.37884446528643423,0.2661514704205764,0.1878972173214152,0.4533819610268789,0.3115911636192081,0.5619673105497771
12_fault,27,4,shell_box_mix,0.8009747399702823,0.40044908193589474,0.35823904310071697,0.4450257919623685,0.37945710115916603,0.35823904310071697,0.41907439152132736,0.39839165171229407,0.6381961367013373
12_fault,27,0,normals_only,0.8127548291233284,0.46292105232907144,0.23563596815836665,0.28774418826573583,0.23563596815836665,0.4858908328698476,0.8424132200223357,0.5543325190050182,0.7323922734026745
12_fault,27,0,uniform_shell,0.8127548291233284,0.4475586921070517,0.34852721737810427,0.4392331508994355,0.34852721737810427,0.47124382797505937,0.5312305721756077,0.3918468172538922,0.6053997028231798
12_fault,27,0,disagreement_shell,0.8127548291233284,0.1576660659722463,0.10648975155690295,0.10648975155690295,0.12511302387807563,0.11749861584132598,0.2815628726126806,0.11478643644176426,0.5516968796433879
12_fault,27,0,shell_box_mix,0.8127548291233284,0.361061028091335,0.28853504047286266,0.380089223907428,0.28853504047286266,0.30813824674494383,0.4674816012401054,0.343721320830659,0.6551411589895988
12_fault,27,6,normals_only,0.8101485884101041,0.49713743703574,0.2866311530498417,0.4082108324037373,0.2866311530498417,0.5332951967961844,0.7604125658931965,0.5457042816641651,0.7008796433878158
12_fault,27,6,uniform_shell,0.8101485884101041,0.33821992982205296,0.2490579768796686,0.3511405451727034,0.2490579768796686,0.3115208927650231,0.4411603044708169,0.2856124028175739,0.6086775631500743
12_fault,27,6,disagreement_shell,0.8101485884101041,0.4581827693346024,0.3406593618571851,0.4075743005038401,0.3406593618571851,0.5086912252213552,0.5758061897560292,0.3917604057553286,0.5916879643387816
12_fault,27,6,shell_box_mix,0.8101485884101041,0.4208448135306786,0.39593913985010143,0.423919852331213,0.4066118456897708,0.39593913985010143,0.4569084162516291,0.4550912158991489,0.6375631500742943
20_letter,32,7,normals_only,0.9071400000000001,0.1942004200420042,0.07966396639663965,0.12933693369336932,0.07966396639663965,0.251029102910291,0.31677167716771676,0.12904890489048904,0.6243399999999999
20_letter,32,7,uniform_shell,0.9071400000000001,0.22593759375937592,0.17772577257725772,0.285016501650165,0.17772577257725772,0.25290129012901286,0.18810681068106808,0.20904890489048905,0.78172
20_letter,32,7,disagreement_shell,0.9071400000000001,0.31648964896489645,0.23699969996999698,0.37770177017701767,0.23699969996999698,0.35719171917191717,0.29406540654065405,0.2468286828682868,0.7864800000000001
20_letter,32,7,shell_box_mix,0.9071400000000001,0.32527752775277524,0.2486288628862886,0.2486288628862886,0.31879987998799875,0.46550255025502546,0.26817881788178816,0.3018541854185418,0.82704
20_letter,32,6,normals_only,0.89588,0.26836483648364834,0.18259825982598257,0.27090309030903087,0.18259825982598257,0.23516351635163515,0.3847944794479447,0.23245124512451243,0.6011200000000001
20_letter,32,6,uniform_shell,0.89588,0.1327242724272427,0.05161716171617161,0.2998499849984998,0.07021902190219022,0.1092109210921092,0.05161716171617161,0.07998799879987999,0.81454
20_letter,32,6,disagreement_shell,0.89588,0.23599759975997597,0.18460246024602459,0.1989198919891989,0.18460246024602459,0.367980798079808,0.19248724872487247,0.20920492049204917,0.7030200000000001
20_letter,32,6,shell_box_mix,0.89588,0.18907290729072906,0.13083708370837083,0.20577257725772574,0.13083708370837083,0.21074107410741072,0.20894089408940894,0.11864386438643863,0.8129600000000002
20_letter,32,2,normals_only,0.9084399999999999,0.24777377737773773,0.16615661566156617,0.16615661566156617,0.26135013501350135,0.326072607260726,0.2375157515751575,0.33069306930693065,0.6363
20_letter,32,2,uniform_shell,0.9084399999999999,0.10168616861686167,0.02659465946594659,0.02659465946594659,0.07824782478247826,0.15348334833483346,0.14841884188418838,0.09063306330633061,0.80918
20_letter,32,2,disagreement_shell,0.9084399999999999,0.20838283828382836,0.14687068706870685,0.2505370537053705,0.19307530753075305,0.24304830483048304,0.14687068706870685,0.20217221722172216,0.71904
20_letter,32,2,shell_box_mix,0.9084399999999999,0.3188508850885088,0.2008520852085208,0.4324272427242724,0.2008520852085208,0.30754275427542754,0.3345814581458145,0.3306330633063306,0.80762
20_letter,32,4,normals_only,0.8972,0.18281128112811282,0.12519651965196518,0.14798679867986797,0.24044404440444042,0.2176177617761776,0.12519651965196518,0.22010201020102008,0.61876
20_letter,32,4,uniform_shell,0.8972,0.26750675067506746,0.191023102310231,0.316051605160516,0.2687428742874287,0.2942094209420942,0.191023102310231,0.24304830483048304,0.7909600000000001
20_letter,32,4,disagreement_shell,0.8972,0.1761146114611461,0.037683768376837685,0.19759975997599757,0.25218121812181216,0.21699369936993695,0.037683768376837685,0.19419141914191415,0.7953600000000001
20_letter,32,4,shell_box_mix,0.8972,0.20722472247224719,0.08042004200420041,0.23327932793279327,0.297005700570057,0.2181938193819382,0.08042004200420041,0.20088808880888084,0.8008000000000001
20_letter,32,9,normals_only,0.8927400000000001,0.26418241824182415,0.20913291329132913,0.33857785778577854,0.20913291329132913,0.2381038103810381,0.2709150915091509,0.1759375937593759,0.6343
20_letter,32,9,uniform_shell,0.8927400000000001,0.348034803480348,0.2769516951695169,0.2769516951695169,0.3286768676867686,0.44614461446144604,0.3403660366036604,0.3456585658565856,0.7518400000000001
20_letter,32,9,disagreement_shell,0.8927400000000001,0.19780978097809776,0.11235523552355234,0.2573297329732973,0.11235523552355234,0.282028202820282,0.13952595259525952,0.16207620762076208,0.7763399999999999
20_letter,32,9,shell_box_mix,0.8927400000000001,0.22586858685868583,0.11397539753975397,0.2776117611761176,0.20045604560456043,0.31143114311431136,0.11397539753975397,0.23486348634863485,0.7394
20_letter,32,1,normals_only,0.9125000000000001,0.23685268526852687,0.2089168916891689,0.2089168916891689,0.21423342334233422,0.24604860486048602,0.27821182118211824,0.2093369336933693,0.5949000000000001
20_letter,32,1,uniform_shell,0.9125000000000001,0.03855685568556855,0.0028322832283228317,0.05155715571557155,0.017185718571857182,0.0028322832283228317,0.08265226522652264,0.001968196819681968,0.62344
20_letter,32,1,disagreement_shell,0.9125000000000001,0.17057005700570055,0.08519651965196517,0.22307830783078306,0.08519651965196517,0.1416381638163816,0.23236723672367232,0.12319231923192318,0.67702
20_letter,32,1,shell_box_mix,0.9125000000000001,0.2281938193819382,0.14501050105010502,0.26013801380138013,0.2649024902490249,0.2427242724272427,0.14501050105010502,0.24157215721572153,0.80436
20_letter,32,8,normals_only,0.89574,0.1578187818781878,0.09074107410741072,0.15542754275427542,0.09074107410741072,0.16920492049204916,0.2159015901590159,0.13558955895589556,0.63612
20_letter,32,8,uniform_shell,0.89574,0.3508880888088809,0.21650165016501646,0.38088208820882086,0.21650165016501646,0.41454545454545455,0.39162316231623157,0.3125952595259525,0.71682
20_letter,32,8,disagreement_shell,0.89574,0.26935193519351935,0.21459345934593457,0.2848724872487248,0.22184218421842183,0.3560996099609961,0.21459345934593457,0.21448544854485446,0.8193600000000001
20_letter,32,8,shell_box_mix,0.89574,0.4362166216621661,0.2776477647764776,0.4949894989498949,0.4592859285928592,0.5129432943294329,0.2776477647764776,0.4648904890489048,0.8402000000000001
20_letter,32,3,normals_only,0.89636,0.15453645364536453,0.03767176717671766,0.03767176717671766,0.10189018901890187,0.1600960096009601,0.31848784878487846,0.14064206420642061,0.6244399999999999
20_letter,32,3,uniform_shell,0.89636,0.37171617161716164,0.2134293429342934,0.4726552655265526,0.34708670867086705,0.45369336933693366,0.2134293429342934,0.3191839183918392,0.75292
20_letter,32,3,disagreement_shell,0.89636,0.1961986198619862,0.11455145514551454,0.25786978697869783,0.1835223522352235,0.22885088508850884,0.11455145514551454,0.17653765376537653,0.8055800000000001
20_letter,32,3,shell_box_mix,0.89636,0.19644764476447643,0.14684668466846684,0.23767176717671767,0.14684668466846684,0.2348274827482748,0.16644464446444643,0.1652445244524452,0.77454
12_fault,27,2,normals_only,0.8172065378900446,0.4582612286132526,0.16564950425388653,0.3767451185967308,0.16564950425388653,0.44427013423347217,0.8463801573689207,0.49835365427338135,0.7141634472511145
12_fault,27,2,uniform_shell,0.8172065378900446,0.29328723001032375,0.2055012670012163,0.32111410443516564,0.2270893394901887,0.2055012670012163,0.41944420911472424,0.2611208646094405,0.518112927191679
12_fault,27,2,disagreement_shell,0.8172065378900446,0.3088577651774022,0.23256235642699988,0.29831800313301715,0.23256235642699988,0.26251392032159093,0.4420367808280009,0.2683565580146724,0.5334918276374443
12_fault,27,2,shell_box_mix,0.8172065378900446,0.3968268162397873,0.36245911299206923,0.42969060510567164,0.3793997034530586,0.36245911299206923,0.4157578434083498,0.40218112070556505,0.6038276374442793
20_letter,32,0,normals_only,0.89884,0.15195919591959195,-0.01309330933093309,0.13738973897389736,-0.01309330933093309,0.11973597359735973,0.36380438043804375,0.12930093009300928,0.62202
20_letter,32,0,uniform_shell,0.89884,0.22409240924092405,0.1146954695469547,0.16416441644164412,0.1146954695469547,0.2697389738973897,0.3477707770777077,0.21981398139813982,0.86456
20_letter,32,0,disagreement_shell,0.89884,0.3292619261926192,0.2045364536453645,0.3832103210321032,0.33572157215721565,0.3935793579357935,0.2045364536453645,0.30929492949294923,0.8388599999999999
20_letter,32,0,shell_box_mix,0.89884,0.2432403240324032,0.07692769276927691,0.23657965796579652,0.28760876087608755,0.37184518451845183,0.07692769276927691,0.2159015901590159,0.8341000000000001
20_letter,32,5,normals_only,0.88944,0.17994599459945992,-0.021638163816381638,-0.021638163816381638,0.09432943294329432,0.2881008100810081,0.358991899189919,0.16738073807380738,0.6137799999999999
20_letter,32,5,uniform_shell,0.88944,0.1941314131413141,0.16158415841584156,0.16158415841584156,0.24686468646864684,0.19961596159615957,0.16846084608460846,0.18558655865586554,0.8605999999999999
20_letter,32,5,disagreement_shell,0.88944,0.2974167416741674,0.2676627662766276,0.2767356735673567,0.2676627662766276,0.36786078607860784,0.2774077407740773,0.270999099909991,0.78178
20_letter,32,5,shell_box_mix,0.88944,0.31599759975997593,0.2613741374137413,0.34267026702670267,0.27813981398139814,0.38180618061806176,0.2613741374137413,0.3133393339333933,0.8210200000000001
38_thyroid,6,1,normals_only,0.9836779107725788,-0.14904434364835425,-0.4222643311151562,-0.4222643311151562,-0.004237414580287069,0.059234281280773474,-0.2289099101787472,-0.18314881680642175,0.8147238115295962
38_thyroid,6,1,uniform_shell,0.9836779107725788,-0.04147891737041565,-0.42908298767568853,-0.42908298767568853,-0.0365850019396616,-0.1201545761093372,0.4199068962430247,-0.18371579481364322,0.8824575567177975
38_thyroid,6,1,disagreement_shell,0.9836779107725788,-0.47155038644027325,-0.7473814568350688,-0.3043925875085792,-0.46705559368565536,-0.7473814568350688,-0.3673719077317895,-0.5136223926471903,0.9114512033884423
38_thyroid,6,1,shell_box_mix,0.9836779107725788,0.21740249470323175,-0.11590224105517591,0.6195726776282413,0.4474500910148906,-0.11590224105517591,-0.08151054877502908,0.37436960997881286,0.9495009769852691
35_SpamBase,57,3,normals_only,0.8525314570909448,0.5835277078407479,0.3390554182937217,0.5830488566457355,0.3390554182937217,0.6056426797225815,0.8063638767009528,0.5611854306059558,0.7814448398308216
35_SpamBase,57,3,uniform_shell,0.8525314570909448,0.40437521594783543,0.02199516049303214,0.445731883736833,0.02199516049303214,0.5990252330270048,0.5507485865344717,0.0818703428445272,0.6709115205705627
35_SpamBase,57,3,disagreement_shell,0.8525314570909448,0.39082899688591455,-0.00014927211226662326,0.44840380824331405,-0.00014927211226662326,0.6148860403049783,0.5001754111076324,0.045101542303960726,0.690514245218296
35_SpamBase,57,3,shell_box_mix,0.8525314570909448,0.451930463048135,0.10371007594496849,0.5653276043671831,0.10371007594496849,0.5537365434766416,0.5849476284037469,0.18979762039427067,0.7367584306511561
38_thyroid,6,0,normals_only,0.9852808686393578,-0.09765823162543641,-0.19335442093640892,-0.09371549640416578,-0.19335442093640892,-0.09298439318432752,-0.010578615976843423,-0.23116290173375903,0.7598839318099383
38_thyroid,6,0,uniform_shell,0.9852808686393578,0.36717794157142425,0.21862970367938883,0.48695950583390524,0.21862970367938883,0.5217988123302795,0.24132374444212343,0.27232848915281543,0.817450009945359
38_thyroid,6,0,disagreement_shell,0.9852808686393578,-0.15965653069141472,-0.3708185371967413,-0.09783354719345884,-0.05001342842648682,-0.11996060994897195,-0.3708185371967413,-0.13504520903583894,0.9166812921946482
38_thyroid,6,0,shell_box_mix,0.9852808686393578,0.3272059920623079,0.07085733042881441,0.39940616513980476,0.6410432395332876,0.07085733042881441,0.19751723314732475,0.5074154755155023,0.9450314156341044
40_vowels,12,0,normals_only,0.98628,0.36681715575620766,0.16565006483838432,0.16565006483838432,0.40435137601460064,0.3477738821382258,0.5494933000336198,0.3820661831804428,0.8357600000000001
40_vowels,12,0,uniform_shell,0.98628,0.4549493300033619,0.2924451275154892,0.6915614043513759,0.33893665049709426,0.2924451275154892,0.49685413764948844,0.4463282263099755,0.9179200000000001
40_vowels,12,0,disagreement_shell,0.98628,0.6672350031218481,0.5689928437635079,0.5689928437635079,0.6995341242015273,0.700686806589501,0.6997262379328562,0.7553431631525862,0.96924
40_vowels,12,0,shell_box_mix,0.98628,0.39325680803035395,0.32443206378175876,0.33374957975121267,0.32443206378175876,0.4109792997454493,0.503866288842995,0.4485375342202584,0.90328
35_SpamBase,57,5,normals_only,0.8670886075949367,0.5384518154147546,0.30515698414457126,0.5576083128219133,0.30515698414457126,0.5473295079378713,0.7437124567546629,0.5057556323965468,0.8127794196364624
35_SpamBase,57,5,uniform_shell,0.8670886075949367,0.26591205905346016,-0.04710788881273059,0.30953975740426676,-0.04710788881273059,0.4663717436990449,0.3348446239232596,-0.025212873907273132,0.5440616023703078
35_SpamBase,57,5,disagreement_shell,0.8670886075949367,0.237351259277948,-0.15758573961173808,0.23471145185429756,-0.15758573961173808,0.4850885195372533,0.38719080533197925,-0.1448071801519136,0.5763527114542261
35_SpamBase,57,5,shell_box_mix,0.8670886075949367,0.23484147537956435,-0.19553560967630362,0.6888993548879107,-0.19553560967630362,0.2551441890879279,0.19085796721872253,-0.1312041142438514,0.6092092565647123
2_annthyroid,6,7,normals_only,0.9413383330860433,0.3980817056128946,0.1292928604372272,0.1292928604372272,0.44941727926798736,0.39838680284071804,0.6152298799056456,0.4486051051675227,0.8849910750817181
2_annthyroid,6,7,uniform_shell,0.9413383330860433,0.5257588668019896,0.2481848724496179,0.2481848724496179,0.7618375498127471,0.6210707403562699,0.47194230458932346,0.5604004051413789,0.897862515792834
2_annthyroid,6,7,disagreement_shell,0.9413383330860433,0.6542551961194375,0.1709998839582415,0.1709998839582415,0.8845503894097415,0.7211519301842345,0.8403185809255326,0.8045208214180382,0.9320593405901687
2_annthyroid,6,7,shell_box_mix,0.9413383330860433,0.5925396576157378,0.20174988607615138,0.20174988607615138,0.9115508045200728,0.6060072986128774,0.65085064125385,0.8659479301519242,0.9371231638722903
40_vowels,12,1,normals_only,0.98548,0.5004322558954901,0.3271216560203641,0.3271216560203641,0.5296095288410739,0.5785024734642908,0.5664953652562316,0.5915662071946591,0.81604
40_vowels,12,1,uniform_shell,0.98548,0.4526919936602468,0.37303683780798236,0.49214735123192926,0.5084770183948897,0.43710676720618596,0.37303683780798236,0.48532731376975163,0.86776
40_vowels,12,1,disagreement_shell,0.98548,0.42418711877431436,0.3514240430334758,0.41059507228279135,0.42519571586379135,0.3514240430334758,0.5095336439171989,0.464098746457903,0.90276
40_vowels,12,1,shell_box_mix,0.98548,0.5045386869026464,0.39714711108976514,0.39714711108976514,0.5985783583881658,0.5637097161519619,0.4587195619806925,0.6008837231641131,0.9493600000000001
35_SpamBase,57,4,normals_only,0.863464162664636,0.6145499750488063,0.3371959848308275,0.6578886865494336,0.3371959848308275,0.6609002981208256,0.8022149306941384,0.5943928727856563,0.8221091140748336
35_SpamBase,57,4,uniform_shell,0.863464162664636,0.30699159437653534,-0.1187348098820811,0.3813553294251265,-0.1187348098820811,0.6191006771975835,0.3462451807655124,-0.10089221635715832,0.5943665608673034
35_SpamBase,57,4,disagreement_shell,0.863464162664636,0.2674377703025524,-0.024098589496568908,0.302227068137803,-0.024098589496568908,0.4094095444096792,0.3822130581592963,0.01708411982556732,0.6441305855655491
35_SpamBase,57,4,shell_box_mix,0.863464162664636,0.3506286351871112,0.11310423033191278,0.4478534761029078,0.11310423033191278,0.41522864306111174,0.4263281912525123,0.1550770451925611,0.6750429731380192
35_SpamBase,57,2,normals_only,0.8406497613859967,0.6529533742634666,0.4938225000181717,0.6150321166700318,0.4938225000181717,0.6856516942343328,0.8173071861313297,0.6728595503777747,0.8040603961067845
35_SpamBase,57,2,uniform_shell,0.8406497613859967,0.4411809817119063,0.1992942724130959,0.46298006402980874,0.1992942724130959,0.5913941289439414,0.511055461460779,0.23792099623410126,0.64126759448436
35_SpamBase,57,2,disagreement_shell,0.8406497613859967,0.46053588145279445,0.09956733664506524,0.5168030590318177,0.09956733664506524,0.6813515317824668,0.544421598351828,0.14433605164790933,0.6522559012673307
35_SpamBase,57,2,shell_box_mix,0.8406497613859967,0.4242591758699235,0.22669694409566604,0.5235591247139862,0.22669694409566604,0.41958412228825887,0.527196512381783,0.27434113485215117,0.7128527378412407
35_SpamBase,57,9,normals_only,0.8496062680468333,0.5605535569051239,0.3322829188985413,0.5039135036585978,0.3322829188985413,0.5950392213572059,0.8109785837061503,0.5464438878876867,0.781365678787102
35_SpamBase,57,9,uniform_shell,0.8496062680468333,0.25857696854764295,-0.11304976687902833,0.2762167537271694,-0.11304976687902833,0.4501650328012009,0.4209758545412298,-0.09432634144990952,0.6013883339238999
35_SpamBase,57,9,disagreement_shell,0.8496062680468333,0.26062205826308293,-0.05625907500646636,0.31470166823736934,-0.05625907500646636,0.48877310456681505,0.29527253525461367,-0.03518865469592781,0.5335331835556125
35_SpamBase,57,9,shell_box_mix,0.8496062680468333,0.38219930127596424,0.19826400100217867,0.6565544249315802,0.19826400100217867,0.30845902388296753,0.3655197552871306,0.25490663219842113,0.6795410167293673
35_SpamBase,57,0,normals_only,0.855074976817123,0.6374602060330927,0.39611205808610306,0.707068210056467,0.39611205808610306,0.6676188382370861,0.7790417177527149,0.6192120492984187,0.8227226121636599
35_SpamBase,57,0,uniform_shell,0.855074976817123,0.3999941381137295,0.124758067337315,0.4942375752497271,0.124758067337315,0.5824438034924534,0.3985371063754227,0.16152052078103005,0.6197254242654986
35_SpamBase,57,0,disagreement_shell,0.855074976817123,0.4103308375123253,0.11113017403207123,0.4581401614049968,0.11113017403207123,0.5903974403154837,0.4816555742967495,0.14249606389128489,0.6008945197940305
35_SpamBase,57,0,shell_box_mix,0.855074976817123,0.5108171603750749,0.24534489954730743,0.5067034862690625,0.24534489954730743,0.5920399689113424,0.6991802867725874,0.2913814511345621,0.721743276965644
2_annthyroid,6,6,normals_only,0.9418677583392908,0.5185198509227881,-0.13257875324655877,-0.13257875324655877,0.7572160537960924,0.6976501051369854,0.7517919980046333,0.6531959062674173,0.927728394728678
2_annthyroid,6,6,uniform_shell,0.9418677583392908,0.2951952210496992,-0.13398638509038746,-0.13398638509038746,0.5606755167059744,0.28994004640488247,0.46415170617832724,0.3993717983852267,0.8936518427595757
2_annthyroid,6,6,disagreement_shell,0.9418677583392908,0.3735503596604961,-0.08275266812313194,-0.08275266812313194,0.7478903155173443,0.14579986953675303,0.6832639217110189,0.46491076506981516,0.9446138005764104
2_annthyroid,6,6,shell_box_mix,0.9418677583392908,0.28512849014305053,0.02161848109809784,0.17877298744877368,0.8679176848230974,0.02161848109809784,0.0722048072022332,0.5606569973081859,0.9343748735449237
2_annthyroid,6,8,normals_only,0.9441596863464488,0.36912970060241235,0.3055890951481345,0.5230002054865095,0.3261832171306793,0.3217462846443261,0.3055890951481345,0.295951836956798,0.8409813363547667
2_annthyroid,6,8,uniform_shell,0.9441596863464488,0.4993236479509764,0.11666081860860612,0.11666081860860612,0.655865300145259,0.5417397870939105,0.68302868595613,0.6166677732335203,0.9065480124634122
2_annthyroid,6,8,disagreement_shell,0.9441596863464488,0.46506096920677276,0.20236165665075903,0.20236165665075903,0.5641867157207424,0.4554969217411623,0.6381985827144275,0.5142635416693345,0.8528029189203772
2_annthyroid,6,8,shell_box_mix,0.9441596863464488,0.5106319665689407,0.3333579470577701,0.590710906487089,0.7738817780749637,0.3333579470577701,0.3445772346559401,0.7152059425989296,0.9028161826528365
30_satellite,36,8,normals_only,0.8722213085301693,0.839613842555851,0.80335299069425,0.80335299069425,0.8338890600734119,0.8390773035173822,0.8821360159383599,0.8720465411976968,0.8575580407979391
30_satellite,36,8,uniform_shell,0.8722213085301693,0.2609244652611373,-0.01649146566814118,0.18929132500922752,-0.01649146566814118,0.376023169080103,0.4948748326233597,0.050429276066770244,0.5890919768104956
30_satellite,36,8,disagreement_shell,0.8722213085301693,-0.08472256121585012,-0.1507613411812063,-0.07035019850931383,-0.1507613411812063,-0.09885653564992476,-0.018922169522955633,-0.13254926927582023,0.6084733218804022
30_satellite,36,8,shell_box_mix,0.8722213085301693,0.6966357487759676,0.6702840279086405,0.7059988101974612,0.6702840279086405,0.6889397182472345,0.7213204387505342,0.6887190870177523,0.7083882293422669
35_SpamBase,57,7,normals_only,0.8630749541996818,0.6715670885848851,0.4313122181813868,0.6719687094320349,0.4313122181813868,0.7062947030388202,0.8766927236872987,0.6712425463455327,0.8257062295971834
35_SpamBase,57,7,uniform_shell,0.8630749541996818,0.3752142925985822,0.09214405265214208,0.4344561371559992,0.09214405265214208,0.5843442620794256,0.3899127185067618,0.1038643128013421,0.5785795870055261
35_SpamBase,57,7,disagreement_shell,0.8630749541996818,0.3323117868132052,-0.0030545647550917787,0.3703668583228054,-0.0030545647550917787,0.5242139327753325,0.4377209209097748,0.02953979496107437,0.6105304920801261
35_SpamBase,57,7,shell_box_mix,0.8630749541996818,0.3596885284400284,0.07121942483362753,0.6128414800448173,0.07121942483362753,0.40401267776811584,0.350680531113553,0.12545976621364144,0.6463339012824089
35_SpamBase,57,6,normals_only,0.8612410566868464,0.6180437940118056,0.46493856705656467,0.5935167239019032,0.46493856705656467,0.617851423220932,0.7958684618678227,0.6181289168479489,0.8289188486214669
35_SpamBase,57,6,uniform_shell,0.8612410566868464,0.32170746333604466,-0.034120295362994976,0.38990591879927927,-0.034120295362994976,0.5410392958322245,0.3900049340756698,-0.0012108211902462699,0.5894887327447773
35_SpamBase,57,6,disagreement_shell,0.8612410566868464,0.4330246204176933,0.22584540355030736,0.48401323243209343,0.22584540355030736,0.5889687863347884,0.4332710593535837,0.2685011683586848,0.7422403329287325
35_SpamBase,57,6,shell_box_mix,0.8612410566868464,0.3450075715210328,0.01031073844795881,0.6588424619865074,0.01031073844795881,0.3401517968915057,0.37072528875815924,0.08743498207891666,0.6181271250970665
2_annthyroid,6,0,normals_only,0.9475543026199243,0.4701266379038108,0.20100926777650396,0.20100926777650396,0.6078082509433564,0.532488678047953,0.5392003548474299,0.4806008717119942,0.8906652548659912
2_annthyroid,6,0,uniform_shell,0.9475543026199243,0.23554084450157287,-0.0403092818236642,-0.0403092818236642,0.32618085295223825,0.2024334488694203,0.45385835800829716,0.22954734454492423,0.8513416602596097
2_annthyroid,6,0,disagreement_shell,0.9475543026199243,0.6281912261173414,0.3065900883000946,0.3065900883000946,0.8531425940435706,0.5655870186114037,0.7874452035142964,0.7357115655018294,0.9249531273183429
2_annthyroid,6,0,shell_box_mix,0.9475543026199243,0.2912353410156141,0.008261188129696465,0.008261188129696465,0.8244920611873022,0.2010652199996099,0.1311228947458478,0.6250627344600088,0.9431862632693527
23_mammography,6,6,normals_only,0.8822189349112426,0.8409389621996743,0.7369510254216634,0.8126643347714797,0.8658707361719824,0.9482697524335717,0.7369510254216634,0.8919860960237388,0.8531508875739645
23_mammography,6,6,uniform_shell,0.8822189349112426,0.7363483081242401,0.4701310991201113,0.4701310991201113,0.946898062769994,0.7312273447597564,0.7971367258470988,0.8225761410662311,0.8576437024513948
23_mammography,6,6,disagreement_shell,0.8822189349112426,0.7453518564921753,0.5318516718022528,0.5318516718022528,0.8771829085692713,0.6944661983303486,0.8779066472668283,0.819322048016649,0.8275633981403212
23_mammography,6,6,shell_box_mix,0.8822189349112426,0.9276817761913185,0.9037338771842743,0.9203894260410743,0.9665018226608051,0.9037338771842743,0.92010197887912,0.9766471371013721,0.8584706959706959
27_PageBlocks,10,2,normals_only,0.9604934104789457,0.2013789205420638,-0.01945526171821906,0.4243735699732432,-0.01945526171821906,0.15300142502300595,0.24759594889022504,0.2864485310231421,0.9102716168434586
27_PageBlocks,10,2,uniform_shell,0.9604934104789457,0.1506866881770832,0.028456449727400183,0.1020126951660714,0.135083089402836,0.028456449727400183,0.33719451841202525,0.16566131041053825,0.9032594021215041
27_PageBlocks,10,2,disagreement_shell,0.9604934104789457,0.05040922552437416,-0.22951817215300152,0.1482739038506379,-0.0448402565267569,-0.22951817215300152,0.32772142692661715,0.012188797794866797,0.8533044037287045
27_PageBlocks,10,2,shell_box_mix,0.9604934104789457,0.2784388340550812,-0.037765212929104154,-0.037765212929104154,0.27465799787094647,0.3314567326513457,0.5454058186271369,0.39652308860675906,0.8964464802314368
35_SpamBase,57,1,normals_only,0.8535426451851238,0.5695749080242475,0.3070425151337131,0.5701660888613977,0.3070425151337131,0.5854754333327663,0.8156155947691128,0.5458805946243079,0.7875298738700702
35_SpamBase,57,1,uniform_shell,0.8535426451851238,0.38940685969640676,0.11461073323590992,0.4376557564168536,0.11461073323590992,0.563706557108911,0.4416543920239525,0.17028244999240577,0.6777466997383916
35_SpamBase,57,1,disagreement_shell,0.8535426451851238,0.3946781316104996,0.12999914000083915,0.45011885169921,0.12999914000083915,0.5385320396964665,0.4600624950454825,0.1912935817293617,0.6518553840818451
35_SpamBase,57,1,shell_box_mix,0.8535426451851238,0.5051561855724813,0.13479487893237468,0.6392430466954971,0.13479487893237468,0.6156827110589465,0.6309041056031068,0.2151345082548522,0.7045568489381112
2_annthyroid,6,5,normals_only,0.9389812104617128,0.4824425076131471,0.19175059335953498,0.19175059335953498,0.5743990997208497,0.5693387333795793,0.5942816039926245,0.5496563174098692,0.870379612519165
2_annthyroid,6,5,uniform_shell,0.9389812104617128,0.6425159271746353,0.2883826832597844,0.2883826832597844,0.8168117122976091,0.6535033282707078,0.8113659848704402,0.714128586483322,0.9059623849539815
2_annthyroid,6,5,disagreement_shell,0.9389812104617128,0.5731285311221435,0.27718388520810383,0.27718388520810383,0.8137947841889263,0.5713493883377836,0.6301860667537604,0.6635932478275662,0.9197735273884834
2_annthyroid,6,5,shell_box_mix,0.9389812104617128,0.4027675860890953,0.21683011348647563,0.24617295659624502,0.7201837203066577,0.4278835539670028,0.21683011348647563,0.5951412980797551,0.9200972523840998
40_vowels,12,2,normals_only,0.98352,0.2465779741607031,0.03616540992267422,0.03616540992267422,0.16353681379376586,0.18601412035925263,0.6005955525671197,0.2874501705009366,0.79548
40_vowels,12,2,uniform_shell,0.98352,0.41952836078958744,0.3795687046731665,0.4485375342202584,0.406656740790548,0.44335046347437684,0.3795687046731665,0.47927573123288986,0.87908
40_vowels,12,2,disagreement_shell,0.98352,0.3726285961289083,0.2304884491619038,0.3894625618366072,0.3877335382546468,0.48282983526247536,0.2304884491619038,0.3607415590029297,0.96492
40_vowels,12,2,shell_box_mix,0.98352,0.35432976321982607,0.22040247826713413,0.3951299169108112,0.3923442678065414,0.4094423898948177,0.22040247826713413,0.38072138706114017,0.9046399999999999
40_vowels,12,5,normals_only,0.9818,0.41779933720762685,0.20743480140243023,0.20743480140243023,0.4739926036213438,0.530666154363383,0.4591037894433504,0.5226934345132318,0.76932
40_vowels,12,5,uniform_shell,0.9818,0.5027856491042696,0.40060515825368614,0.40060515825368614,0.5187551030209884,0.5407521252581527,0.5510302098842513,0.574083857643725,0.969
40_vowels,12,5,disagreement_shell,0.9818,0.636400749243552,0.6013640074924355,0.6297968397291195,0.6013640074924355,0.608568272417271,0.7058738773353824,0.6803227510686326,0.9451599999999999
40_vowels,12,5,shell_box_mix,0.9818,0.6450218529369387,0.5529513471975409,0.6526583737572643,0.6874309591278036,0.6870467316651456,0.5529513471975409,0.7534220258392967,0.94
27_PageBlocks,10,6,normals_only,0.9632031501125041,0.20562010728353397,0.16726160604457627,0.16726160604457627,0.17203236867048138,0.2642946136120568,0.2188918408070215,0.216790801149698,0.880581806493089
27_PageBlocks,10,6,uniform_shell,0.9632031501125041,0.11946508818355112,-0.06232790205249042,0.00866670077133084,0.18666373746501017,-0.06232790205249042,0.34485781655035386,0.0962996756031294,0.8708036001285759
27_PageBlocks,10,6,disagreement_shell,0.9632031501125041,0.18826423293752015,0.0006175476622815341,0.0006175476622815341,0.23899999163214555,0.18036584712201215,0.33307354533364136,0.22912583285595103,0.8720106075216972
27_PageBlocks,10,6,shell_box_mix,0.9632031501125041,0.49513320892943186,0.4245041085034816,0.45492021929206605,0.4833837703878817,0.4245041085034816,0.617724737534298,0.541317729018566,0.9123449051751847
38_thyroid,6,5,normals_only,0.9850468601916529,0.13900286473098383,-0.33107039479573863,0.45683506908179394,-0.33107039479573863,0.09070156068156723,0.33954522395631276,0.09326788218793829,0.9308739045479542
38_thyroid,6,5,uniform_shell,0.9850468601916529,0.3718741607233445,0.18174629226224223,0.3264152069469726,0.5476112321327324,0.4317239115514308,0.18174629226224223,0.4636686461162006,0.874840581745001
38_thyroid,6,5,disagreement_shell,0.9850468601916529,-0.09661752857270747,-0.5211423114798125,-0.2899197278505565,0.7056190504610425,-0.5211423114798125,-0.2810271254215034,-0.04183700874339768,0.9064200217627856
38_thyroid,6,5,shell_box_mix,0.9850468601916529,0.01348064814538509,-0.3893497657485601,0.25890006266599025,0.5508489749634448,-0.3893497657485601,-0.3664766792993345,0.29670854346334036,0.9494541752957282
40_vowels,12,4,normals_only,0.9892799999999999,0.41868786321502327,0.23125690408721963,0.23125690408721963,0.38850199317996253,0.43355266317660046,0.6214398924163104,0.43883579078814655,0.92224
40_vowels,12,4,uniform_shell,0.9892799999999999,0.4131165650064838,0.3133855242303443,0.43460928869890975,0.3133855242303443,0.4140531194467124,0.49041832764996873,0.4102108448201335,0.9518399999999999
40_vowels,12,4,disagreement_shell,0.9892799999999999,0.6270111906248499,0.5146246577974161,0.5146246577974161,0.6304692377887708,0.7014552615148167,0.6614956053983958,0.6720618606214879,0.97224
40_vowels,12,4,shell_box_mix,0.9892799999999999,0.47348830507660533,0.3823543537774362,0.6743672253974352,0.43883579078814655,0.3983958503434033,0.3823543537774362,0.49666202391815956,0.95956
35_SpamBase,57,8,normals_only,0.8564122330199562,0.7297112048032502,0.5690937374690037,0.7227703636035614,0.5690937374690037,0.7455907537415699,0.8813899643988662,0.708442185582521,0.8418503705490761
35_SpamBase,57,8,uniform_shell,0.8564122330199562,0.5127456845695976,0.18552836908704098,0.5811965210211334,0.18552836908704098,0.6870927738176958,0.59716507435252,0.23930489129293894,0.6699606456525509
35_SpamBase,57,8,disagreement_shell,0.8564122330199562,0.37884706542876156,-0.08931771716010177,0.42714979407170034,-0.08931771716010177,0.6042896598714262,0.5732665249320215,-0.05794711635270682,0.575619529406443
35_SpamBase,57,8,shell_box_mix,0.8564122330199562,0.4452046065058952,0.18595681446213874,0.6239641399091976,0.18595681446213874,0.4516424381592222,0.5192550334930224,0.2574994698688246,0.7108605182409662
27_PageBlocks,10,0,normals_only,0.9649099967855995,0.11749110408414414,0.007636232629069067,0.20560130610900873,0.007636232629069067,0.11608615995312194,0.14064071764537683,0.11257148013550498,0.8841899710703957
27_PageBlocks,10,0,uniform_shell,0.9649099967855995,0.11756422285812768,0.061409151221378834,0.061409151221378834,0.14028952324262053,0.06359827242251424,0.2049599445459971,0.10808820985131681,0.898119575699132
27_PageBlocks,10,0,disagreement_shell,0.9649099967855995,-0.007337947502261903,-0.12177711518442187,-0.12177711518442187,-0.003200455573138102,-0.08256905798086385,0.17819483872937622,-0.045259644348090995,0.8269800707168113
27_PageBlocks,10,0,shell_box_mix,0.9649099967855995,0.27473665733819985,0.01088793565707899,0.30030316510704186,0.7299223847571162,0.01088793565707899,0.05783314383156223,0.5349613258119138,0.8833060109289618
30_satellite,36,0,normals_only,0.8681740499936538,0.6055629061615105,0.4842977821488344,0.4842977821488344,0.537405968706477,0.5929780024163595,0.8075698713743712,0.6859090765841419,0.7768980015767146
30_satellite,36,0,uniform_shell,0.8681740499936538,0.4826175733556846,0.12910360789160943,0.6029950887747659,0.12910360789160943,0.6163923683013065,0.5819792284550565,0.235207076237599,0.677398724684523
30_satellite,36,0,disagreement_shell,0.8681740499936538,0.42667716964323554,0.05574017093268507,0.5352324182454011,0.05574017093268507,0.44395580672898244,0.6717802826658735,0.17733129214303134,0.6431842843377887
30_satellite,36,0,shell_box_mix,0.8681740499936538,0.7480909061189964,0.6954580530398006,0.7515261939299369,0.7395187230886906,0.8058606544175579,0.6954580530398006,0.7486861060798233,0.7998363398767588
40_vowels,12,8,normals_only,0.98556,0.4363383122808702,0.3461409154219297,0.43432111810191626,0.5016569809327122,0.3461409154219297,0.46323423466692276,0.504250516305653,0.78932
40_vowels,12,8,uniform_shell,0.98556,0.3220306421401469,0.23000816483358144,0.4641948033235675,0.30723788482781805,0.2866817155756208,0.23000816483358144,0.31521060467796935,0.91324
40_vowels,12,8,disagreement_shell,0.98556,0.6338552423034436,0.5795590989866,0.6082801018202777,0.5795590989866,0.6370971615196195,0.7104846068872772,0.6849334806205273,0.9333600000000001
40_vowels,12,8,shell_box_mix,0.98556,0.5637097161519619,0.5048268574996397,0.6915614043513759,0.541616637049133,0.5048268574996397,0.5168339657076989,0.5788867009269486,0.90264
27_PageBlocks,10,1,normals_only,0.9589569270331083,0.4307209059735293,0.2977901853208383,0.421715939383262,0.4265000001130792,0.2977901853208383,0.5768774990769375,0.4611475313811506,0.9076824172291869
27_PageBlocks,10,1,uniform_shell,0.9589569270331083,0.3409152652976003,0.14522339118385466,0.14522339118385466,0.4903898809570926,0.3979789143636032,0.3300688746858506,0.3903282528394732,0.9211764705882353
27_PageBlocks,10,1,disagreement_shell,0.9589569270331083,0.30053450111068997,0.11725594078091986,0.11725594078091986,0.37266420953288604,0.2674716844242339,0.4447461697047201,0.33116634548428736,0.9069189971070396
27_PageBlocks,10,1,shell_box_mix,0.9589569270331083,0.39680426714193323,-0.055221281127570666,0.48946371777443115,0.8294851982830972,-0.055221281127570666,0.3234894336377753,0.7440369198786978,0.9396046287367408
40_vowels,12,7,normals_only,0.9833200000000001,0.3219345852744825,0.25248547139906824,0.39445751885115987,0.25248547139906824,0.25325392632438404,0.3875414245233178,0.25383026751837084,0.80676
40_vowels,12,7,uniform_shell,0.9833200000000001,0.26374813889822774,0.10475001200710819,0.5134719754094423,0.19360261274674606,0.2431679554296143,0.10475001200710819,0.231737188415542,0.8094399999999999
40_vowels,12,7,disagreement_shell,0.9833200000000001,0.5780462033523845,0.5004082416790739,0.7410306901685798,0.5313385524230344,0.5394073291388501,0.5004082416790739,0.575716824360021,0.9372400000000001
40_vowels,12,7,shell_box_mix,0.9833200000000001,0.5096056865664473,0.47408866048700826,0.5049229143653042,0.4977186494404687,0.561692521973008,0.47408866048700826,0.558042361077758,0.9458
40_vowels,12,9,normals_only,0.98236,0.3653282743384083,0.12002305364775946,0.12002305364775946,0.4148215743720282,0.4708227270544162,0.4556457422794294,0.4153979155660151,0.70508
40_vowels,12,9,uniform_shell,0.98236,0.25798472695835933,0.031458623505115024,0.43605014168387685,0.2915806157245089,0.2728495269199366,0.031458623505115024,0.2708323327409826,0.8204799999999999
40_vowels,12,9,disagreement_shell,0.98236,0.506099610969694,0.35180827049613367,0.35180827049613367,0.6362326497286394,0.6182700158493827,0.4180875078046203,0.5831132030161855,0.84348
40_vowels,12,9,shell_box_mix,0.98236,0.3111041736708131,0.1580615724508909,0.3630469237788771,0.4000288170596992,0.32327938139378515,0.1580615724508909,0.3671773690024494,0.8016399999999999
30_satellite,36,5,normals_only,0.8657164666574901,0.8108595464787641,0.7356783101866446,0.7356783101866446,0.848509403035156,0.8555824827471274,0.803667989946128,0.8603486442345738,0.8079496273626139
30_satellite,36,5,uniform_shell,0.8657164666574901,0.5473565490555554,0.17895061139344454,0.6638553960166987,0.17895061139344454,0.6478198689488261,0.698800319863252,0.3128903974264799,0.6658026317906438
30_satellite,36,5,disagreement_shell,0.8657164666574901,0.01993991126490105,-0.25361864243034116,0.05437590544430316,-0.25361864243034116,0.12398863282949726,0.15501374921614494,-0.2201706741961537,0.5519967250098768
30_satellite,36,5,shell_box_mix,0.8657164666574901,0.5542585483941893,0.4170177578963758,0.5390304691096622,0.4170177578963758,0.6403559918314946,0.6206299747392245,0.4825592906973419,0.6359956631408086
2_annthyroid,6,3,normals_only,0.9313478200268871,0.22802611392700087,-0.036753557448255515,0.17284567687315336,0.38287542808868585,0.39313690819441977,-0.036753557448255515,0.2479126767050997,0.8992226103924716
2_annthyroid,6,3,uniform_shell,0.9313478200268871,0.43029477955907675,0.12053263364158937,0.5241868654520437,0.41640215778566314,0.6600574613570108,0.12053263364158937,0.3899268267070994,0.9024317592205421
2_annthyroid,6,3,disagreement_shell,0.9313478200268871,0.3807708561419091,0.17846383171462635,0.4629903429221127,0.5817038594622007,0.2999253904686964,0.17846383171462635,0.4051714433250278,0.8844998673626753
2_annthyroid,6,3,shell_box_mix,0.9313478200268871,0.49909901159609826,0.13913792991353607,0.13913792991353607,0.896368208183249,0.45835190362663003,0.5025380046609778,0.7353169841200105,0.9032455678900773
23_mammography,6,1,normals_only,0.8881797689489996,0.7582704215504806,0.7116925448769202,0.7116925448769202,0.7396104237490077,0.7797492450244673,0.8020294725515272,0.8318106371836462,0.8597252747252748
23_mammography,6,1,uniform_shell,0.8881797689489996,0.49767277042394026,0.2331496903285979,0.2331496903285979,0.6359751388929666,0.3850706362141093,0.7364956162600873,0.44941510306107346,0.8003451676528601
23_mammography,6,1,disagreement_shell,0.8881797689489996,0.5568710113292419,0.12877769410023238,0.12877769410023238,0.5950060664323849,0.6641169670978831,0.839583317686467,0.6517137244754091,0.844204001127078
23_mammography,6,1,shell_box_mix,0.8881797689489996,0.8609955708557256,0.7899000216438838,0.7899000216438838,0.978970611429473,0.8348496569410299,0.8402619934085159,0.942558361674076,0.8498140321217245
28_pendigits,16,3,normals_only,0.9993734910302252,-0.267576772929146,-0.5827409081569754,0.17734823220748838,-0.5249324335003398,-0.5827409081569754,-0.13998198226675726,-0.4402269602187415,0.9720401271354787
28_pendigits,16,3,uniform_shell,0.9993734910302252,0.07555752240362883,-0.005348421867838345,0.14505539662720676,0.10949408101657947,-0.005348421867838345,0.05302903383856743,0.11859461680706801,0.874877754347361
28_pendigits,16,3,disagreement_shell,0.9993734910302252,0.23592878253860378,-0.002042009767508021,0.4248613108691185,0.30468619114602263,-0.002042009767508021,0.2162096379067819,0.2877590049153641,0.707065034687204
28_pendigits,16,3,shell_box_mix,0.9993734910302252,0.46509933460827235,0.38399582747230165,0.38399582747230165,0.42164340693208574,0.5656272225822256,0.4891308814464762,0.4543282072355423,0.8626455487301732
40_vowels,12,3,normals_only,0.98504,0.2516689880409202,-0.0636376735027136,-0.0636376735027136,0.11464386917054895,0.37716728303155467,0.5785024734642908,0.3253926324384035,0.8051999999999999
40_vowels,12,3,uniform_shell,0.98504,0.30073003217905,0.18755103020988426,0.36775371019643627,0.18755103020988426,0.24009413572835114,0.40752125258152827,0.3242399500504298,0.8320799999999999
40_vowels,12,3,disagreement_shell,0.98504,0.5212525815282647,0.4649632582488833,0.478507276307574,0.5479563901829883,0.4649632582488833,0.5935834013736131,0.5287450170500936,0.97208
40_vowels,12,3,shell_box_mix,0.98504,0.6262427356995341,0.5663993083905672,0.6000192113731329,0.5924307189856395,0.5663993083905672,0.7461217040487969,0.6151001392824551,0.9637200000000001
30_satellite,36,4,normals_only,0.861231231821749,0.7694174867375535,0.63719348954599,0.8277111325619619,0.63719348954599,0.6774074944735022,0.9353578303687597,0.8502879176121637,0.8231241653870012
30_satellite,36,4,uniform_shell,0.861231231821749,-0.18461621979532716,-0.5232521612526879,-0.0048330529565212485,-0.5232521612526879,-0.18821554337727148,-0.022164121594828102,-0.4697118389703407,0.42855176432942255
30_satellite,36,4,disagreement_shell,0.861231231821749,0.0029037954883360754,-0.052658674615896385,-0.027191963707873214,-0.051728751552541884,0.14319457182965578,-0.052658674615896385,-0.037764479880616236,0.5875684449696188
30_satellite,36,4,shell_box_mix,0.861231231821749,-0.0032204002521620863,-0.18123880410150234,0.10081228716920289,-0.18123880410150234,0.047827826937866844,0.01971708898578426,-0.13498821589883506,0.5035614623760483
38_thyroid,6,2,normals_only,0.9824025647325869,-0.6329526125749753,-0.7345349288293395,-0.6329115812718211,-0.5790188296380292,-0.7345349288293395,-0.5853451105607113,-0.6499955238578377,0.7117249932722572
38_thyroid,6,2,uniform_shell,0.9824025647325869,-0.7242882933961982,-0.8569126555459401,-0.6056369550296917,-0.7014860791978752,-0.8569126555459401,-0.7331174838112857,-0.7445018053773387,0.6552002527291235
38_thyroid,6,2,disagreement_shell,0.9824025647325869,0.11791277490973112,-0.16396108740413592,0.5220823013338903,0.18708782190922382,-0.16396108740413592,-0.0735579362000537,0.0053415296469815875,0.9641382053892147
38_thyroid,6,2,shell_box_mix,0.9824025647325869,0.25259243233565093,-0.31710483124944044,0.5511772253886783,0.7889946584703529,-0.31710483124944044,-0.012697323266986959,0.7445913282205842,0.979149847309488
30_satellite,36,9,normals_only,0.8655685379278536,0.8070854971271353,0.7700871433923911,0.7700871433923911,0.8107030616013259,0.8520085039437721,0.7955432795710518,0.8511415324369774,0.7856432262943093
30_satellite,36,9,uniform_shell,0.8655685379278536,0.03893642977598515,-0.19574471666910856,0.013491879641394559,-0.19574471666910856,0.1438917354620269,0.1941068206696277,-0.1536553320726857,0.5419371244800149
30_satellite,36,9,disagreement_shell,0.8655685379278536,-0.3180635441457971,-0.47055048760029217,-0.3993814337727003,-0.47055048760029217,-0.31493985046331474,-0.08738240474688119,-0.4496526932109133,0.44369680599080075
30_satellite,36,9,shell_box_mix,0.8655685379278536,-0.1238860641758097,-0.3306954374582431,0.05637971059152677,-0.3306954374582431,-0.12259858954206065,-0.09862994029446182,-0.2766458195174295,0.5650734459438925
38_thyroid,6,9,normals_only,0.9819579486819473,0.03820760347348631,-0.2349228611500701,0.6761660350332725,-0.15478499597147202,-0.13362776401778517,-0.2349228611500701,0.05277371609322311,0.8977032070857758
38_thyroid,6,9,uniform_shell,0.9819579486819473,-0.21674226373429617,-0.353033332338635,-0.353033332338635,0.01477126913550774,-0.3495270209781862,-0.17917997075587117,-0.19472710453283992,0.9039044309499573
38_thyroid,6,9,disagreement_shell,0.9819579486819473,0.2158619557757154,-0.22849213691026823,0.22814896601116047,0.41374474053295923,0.4500462534690101,-0.22849213691026823,0.06084569245919249,0.9709829524845845
38_thyroid,6,9,shell_box_mix,0.9819579486819473,0.3235243651338367,-0.01045925218584942,0.5469994927038883,0.7539613858136134,-0.01045925218584942,0.003595834203694309,0.7929635045209035,0.9753472100342823
27_PageBlocks,10,9,normals_only,0.9664416586306653,0.4106179823951536,0.09138316790235755,0.09138316790235755,0.5205619217840809,0.4462357432678914,0.5842910966262846,0.5054351024259315,0.9061395049823208
27_PageBlocks,10,9,uniform_shell,0.9664416586306653,0.018874622368884694,-0.16270876948890275,-0.055316358047376994,0.02575268285854052,-0.16270876948890275,0.267770934153278,-0.02288020195025288,0.8591915782706525
27_PageBlocks,10,9,disagreement_shell,0.9664416586306653,0.17339636363175903,-0.01595143749563232,-0.01595143749563232,0.2908730001675833,0.11390753249384908,0.3047563593612361,0.17327424874193834,0.8759386049501768
27_PageBlocks,10,9,shell_box_mix,0.9664416586306653,0.40325361999076564,0.2605665308888041,0.2605665308888041,0.6258212088021688,0.2911888979829626,0.4354378422891269,0.5194052581336112,0.9433333333333334
28_pendigits,16,1,normals_only,0.999171021668042,0.2033166853692845,-0.20768756618355957,-0.20768756618355957,0.2505286782254113,0.2653664396010811,0.5050591898342052,0.22195318550362725,0.9231724274930474
28_pendigits,16,1,uniform_shell,0.999171021668042,0.3190087085710672,0.02038216560509554,0.2056582004393798,0.02038216560509554,0.3510644687139447,0.698929999525849,0.16688530290338385,0.8585235781302527
28_pendigits,16,1,disagreement_shell,0.999171021668042,0.23750928545463165,-0.11477612176194463,0.4637701316558928,-0.11477612176194463,0.07629403676249782,0.5247490951620806,-0.00811746297671919,0.7013920723694265
28_pendigits,16,1,shell_box_mix,0.999171021668042,0.6441869102748494,0.5534573501288109,0.6356845948380775,0.5534573501288109,0.6306838836117652,0.7569218125207441,0.6147650582415324,0.9774533174413985
27_PageBlocks,10,7,normals_only,0.9579684988749598,0.24313751998521282,0.19129761224402564,0.21844112298416687,0.19129761224402564,0.23997220063039346,0.3228391440822653,0.2410799236399353,0.8703937640630022
27_PageBlocks,10,7,uniform_shell,0.9579684988749598,0.14051653607571346,0.034278305342106165,0.034278305342106165,0.18996083617934623,0.051336606446007106,0.28649039633539436,0.11847484317622951,0.8563902282224365
27_PageBlocks,10,7,disagreement_shell,0.9579684988749598,0.19260716121132335,0.08012030713192239,0.08012030713192239,0.2981848766634786,0.17246396903622446,0.21965949201366797,0.19480650241095981,0.8646946319511413
27_PageBlocks,10,7,shell_box_mix,0.9579684988749598,0.5443466729131418,0.29725952765044444,0.6229974876082253,0.7853966464805371,0.29725952765044444,0.4717330299133606,0.6945341400548164,0.9245644487303117
38_thyroid,6,7,normals_only,0.9878783624088829,0.45359359613261313,0.27977380561606635,0.565291993673719,0.45188147175554294,0.5174271134851243,0.27977380561606635,0.5077437259407358,0.8958077386593657
38_thyroid,6,7,uniform_shell,0.9878783624088829,-0.24756423264002866,-0.6460266778072872,0.20244098952582731,-0.3953776371937573,-0.15129360508489748,-0.6460266778072872,-0.4056727641669899,0.8279218879801561
38_thyroid,6,7,disagreement_shell,0.9878783624088829,-0.134422279251589,-0.34078362328787554,-0.11473844409298437,0.23672823848885435,-0.34078362328787554,-0.3188952881143504,-0.040553847990212166,0.9711350579755929
38_thyroid,6,7,shell_box_mix,0.9878783624088829,0.30980871952493205,0.11091880278117631,0.2156903703261615,0.6741965324818715,0.2384291725105189,0.11091880278117631,0.4968965414341559,0.930113377092913
19_landsat,36,3,normals_only,0.7580412750246384,0.6307992333489993,0.3690522290202195,0.3690522290202195,0.6462203094839514,0.6599915356285483,0.8479328592632781,0.7271086025892792,0.6605998558463145
19_landsat,36,3,uniform_shell,0.7580412750246384,0.39423629890413564,0.195331836727568,0.195331836727568,0.5017381366290558,0.518411958433508,0.3614632638264108,0.44795292587075614,0.6610476148448877
19_landsat,36,3,disagreement_shell,0.7580412750246384,0.5321224560870961,0.3227198468647512,0.3227198468647512,0.5415397064145083,0.7294888017559316,0.5347414693131932,0.5402002978559786,0.6389220834620419
19_landsat,36,3,shell_box_mix,0.7580412750246384,0.4580732484065139,0.31025199267522213,0.31025199267522213,0.5391150656499978,0.5025055648003739,0.48042037050046177,0.5156171432744324,0.6565770854478326
19_landsat,36,5,normals_only,0.7454151773237426,0.573163784077832,0.2978518546732189,0.2978518546732189,0.6142375427318477,0.6260066019381786,0.7545591369680825,0.6860611228417948,0.6280776076372034
19_landsat,36,5,uniform_shell,0.7454151773237426,0.4231288610474674,0.24622469588789878,0.24622469588789878,0.4571817161105788,0.4907305222918234,0.49837850989956867,0.4283556605752597,0.6263042231146022
19_landsat,36,5,disagreement_shell,0.7454151773237426,0.4490490252937236,0.26635376073241535,0.26635376073241535,0.5373984101398338,0.47027504069988074,0.5221688896027645,0.5121158272873862,0.7056122854242972
19_landsat,36,5,shell_box_mix,0.7454151773237426,0.6116984478807412,0.4376039712752452,0.4376039712752452,0.6553912121614017,0.6989039644124329,0.654894643673885,0.6741470255525306,0.7309197887707221
30_satellite,36,2,normals_only,0.8712184321878613,0.802431519788924,0.6059046856851326,0.6059046856851326,0.850922689871103,0.8699694776214333,0.8829292259780274,0.8593442868694524,0.8245064722171075
30_satellite,36,2,uniform_shell,0.8712184321878613,0.36868816864048926,0.24569461524882505,0.33433680679341266,0.24569461524882505,0.4283762779782872,0.46634497454143203,0.284225125154378,0.7059704214047062
30_satellite,36,2,disagreement_shell,0.8712184321878613,-0.16091753013125581,-0.3272007570227245,0.01611538137169555,-0.3272007570227245,-0.07314054501788689,-0.2594441998561074,-0.3057672393989815,0.47204370467168766
30_satellite,36,2,shell_box_mix,0.8712184321878613,-0.0009325826559352258,-0.3773031043401489,0.18519881291031517,-0.3773031043401489,0.14107765716944823,0.0472963036366446,-0.30986722322067556,0.4958982178833767
19_landsat,36,0,normals_only,0.7388335319123899,0.5622195770385929,0.3278791657880433,0.3278791657880433,0.5219257375225527,0.5547912414709699,0.8442821633728056,0.676596096023479,0.5942144359619317
19_landsat,36,0,uniform_shell,0.7388335319123899,0.4810484234474883,0.33702374396224766,0.33702374396224766,0.5072256404390413,0.6115414900566586,0.4684028193320059,0.49763179276929526,0.6487463042231145
19_landsat,36,0,disagreement_shell,0.7388335319123899,0.4105847146883361,0.22622485719894253,0.22622485719894253,0.4306187977765542,0.5010376343022097,0.4844575694756381,0.40414133781834777,0.6067499227748113
19_landsat,36,0,shell_box_mix,0.7388335319123899,0.5941957056689919,0.42570467265302897,0.42570467265302897,0.6216891858200986,0.7360303546853934,0.5933586095174468,0.6298905098250737,0.6667007928452702
40_vowels,12,6,normals_only,0.9837999999999999,0.43273617981845247,0.14557417991450938,0.14557417991450938,0.3406656740790548,0.5168339657076989,0.7278708995725469,0.49195523750060033,0.711
40_vowels,12,6,uniform_shell,0.9837999999999999,0.5803035396954996,0.5095336439171989,0.6852216512175207,0.5439220018250803,0.5095336439171989,0.5825368618221988,0.6073195331636329,0.9442
40_vowels,12,6,disagreement_shell,0.9837999999999999,0.4601123865328274,0.3576677393016665,0.5025214927236924,0.4471927381009558,0.3576677393016665,0.5330675760049949,0.4943566591422121,0.9241199999999999
40_vowels,12,6,shell_box_mix,0.9837999999999999,0.4611449978387205,0.4152058018346861,0.4152058018346861,0.47053455645742276,0.4667883386965083,0.49205129436626477,0.4563181403390807,0.96056
30_satellite,36,7,normals_only,0.8716130577717554,0.8295146393533017,0.7500437785370846,0.8375493170138016,0.7500437785370846,0.7949935618418392,0.9354719000204814,0.8959831897469877,0.8213870083716043
30_satellite,36,7,uniform_shell,0.8716130577717554,0.7653103776671166,0.7380222827532086,0.7685245111287685,0.7380222827532086,0.8044943656634257,0.7502003511230635,0.7554563400187526,0.7763183533521276
30_satellite,36,7,disagreement_shell,0.8716130577717554,0.5742275772060925,0.46133477656779864,0.5669752725147373,0.46133477656779864,0.6690725623502647,0.5995276973915692,0.49632635012093423,0.6862950065338913
30_satellite,36,7,shell_box_mix,0.8716130577717554,0.14041699237306993,-0.16163687801222487,0.4719475334062254,-0.16163687801222487,0.056839773924010246,0.19451754017426892,-0.10235433842668565,0.5955422951030674
32_shuttle,9,1,normals_only,0.998395505515984,0.2780897947865461,-0.09911466484377732,0.4359254123861691,0.1654684707215501,0.6100799608822426,-0.09911466484377732,0.4375373161084046,0.9968293501474933
32_shuttle,9,1,uniform_shell,0.998395505515984,0.4569158323724194,0.32959787148873193,0.42746883887133635,0.44675598477373113,0.623840634355878,0.32959787148873193,0.4250858603857866,0.9876486315535018
32_shuttle,9,1,disagreement_shell,0.998395505515984,0.5099950790513775,0.147930944464715,0.147930944464715,0.6359690762333006,0.6035833655884923,0.6524969299190023,0.5804055056427523,0.9917193008904771
32_shuttle,9,1,shell_box_mix,0.998395505515984,0.5786081299198452,0.3319133720137429,0.639649642347444,0.649935611267731,0.6929338940504629,0.3319133720137429,0.6276552314635034,0.9975157052912678
28_pendigits,16,6,normals_only,0.9996485437486629,-0.17223846627997028,-0.5232729054385105,-0.5232729054385105,-0.24270834979690534,-0.11190276746060596,0.1889301575761407,-0.1661930426261636,0.9868165703982152
28_pendigits,16,6,uniform_shell,0.9996485437486629,-0.36367372097801515,-0.5105909500403027,-0.33812014983167643,-0.5105909500403027,-0.4787122062240204,-0.12727157781606105,-0.4787785873464936,0.8373483389871949
28_pendigits,16,6,disagreement_shell,0.9996485437486629,0.05491299331447266,-0.36510249561410435,0.3470721183480583,0.08663684784498427,0.15104550267895245,-0.36510249561410435,0.06762971977683298,0.7411983130099936
28_pendigits,16,6,shell_box_mix,0.9996485437486629,0.28852475857817955,-0.007396753647010478,0.6212419591914147,0.3880798470073177,0.15217398176099634,-0.007396753647010478,0.37394382892636435,0.9103289936126646
31_satimage-2,36,3,normals_only,0.9976804301032994,-0.20711351613800916,-0.687000628823139,-0.05721184479694155,-0.3560481572151984,0.27180656628324223,-0.687000628823139,-0.40252858915456585,0.7751786363681039
31_satimage-2,36,3,uniform_shell,0.9976804301032994,0.09005163677062847,-0.04899560682786143,0.2138904725175224,-0.04899560682786143,0.19920185116871797,-0.003890169775865081,-0.03098695462624501,0.2672419724207071
31_satimage-2,36,3,disagreement_shell,0.9976804301032994,0.3132235904073549,0.22787675540520025,0.31000368892316976,0.31147925819108624,0.40353465910996345,0.22787675540520025,0.3208357087762836,0.5992451569149722
31_satimage-2,36,3,shell_box_mix,0.9976804301032994,-0.6671849007824123,-0.7438545893557799,-0.7438545893557799,-0.6204433414936786,-0.7195412321003386,-0.5849004401798524,-0.6809416814782522,0.1397246002181968
38_thyroid,6,6,normals_only,0.9851638644155054,0.2000537137059473,0.10393602100802721,0.1086807317000388,0.10393602100802721,0.3916325982513204,0.1959655038644027,0.09114917489779474,0.8920870043408567
38_thyroid,6,6,uniform_shell,0.9851638644155054,0.29893915430754076,0.06500850467010832,0.06500850467010832,0.4132971263167317,0.25297663453791286,0.4644743517054101,0.31353883799349463,0.9164238829021727
38_thyroid,6,6,disagreement_shell,0.9851638644155054,0.20720435081018165,-0.17904568649100294,0.4101787472770134,0.46780161737936793,0.12988272507534837,-0.17904568649100294,0.27641669899436005,0.9632372728655504
38_thyroid,6,6,shell_box_mix,0.9851638644155054,0.33832174509862434,0.034332010384649815,0.2836232878756229,0.7293276834472263,0.034332010384649815,0.30600399868699824,0.5800632628092268,0.9762481425579463
23_mammography,6,5,normals_only,0.8806051000281769,0.8874425873794994,0.7733489369575802,0.7733489369575802,0.9111153291270006,0.919925140838868,0.9453809425945489,0.9175190510556688,0.8534397013243169
23_mammography,6,5,uniform_shell,0.8806051000281769,0.8801896673328251,0.8358546978493356,0.8358546978493356,0.9033419658518236,0.8749372702897757,0.9066247353403656,0.9174507738200501,0.862012538743308
23_mammography,6,5,disagreement_shell,0.8806051000281769,0.6084909911601464,0.41872516842287105,0.41872516842287105,0.7402699818450832,0.6633652347337223,0.6116035796389092,0.6972218675599151,0.7886524373062835
23_mammography,6,5,shell_box_mix,0.8806051000281769,0.8769103117060639,0.783081856895011,0.8672506191038342,0.9642520877471724,0.783081856895011,0.8930566830782383,0.9504853487293949,0.856175683291068
31_satimage-2,36,2,normals_only,0.9983684381235073,-0.6015879137462692,-0.7556256078339315,-0.709078104564204,-0.3304604446829203,-0.6111874979040209,-0.7556256078339315,-0.585163821724404,0.5908809451264461
31_satimage-2,36,2,uniform_shell,0.9983684381235073,0.19196653140615041,-0.047855394211744194,0.28525436802038967,0.2964888158556625,0.23397833596029377,-0.047855394211744194,0.2932693919983903,0.8492181280284639
31_satimage-2,36,2,disagreement_shell,0.9983684381235073,0.26792481303866666,-0.053724135618229994,0.4113820047620645,-0.053724135618229994,0.28102887420771994,0.43301250880311215,0.014420336027365102,0.7078717946197772
31_satimage-2,36,2,shell_box_mix,0.9983684381235073,-0.5709111640229384,-0.6350313558469433,-0.6120929608638788,-0.45135651765652773,-0.585163821724404,-0.6350313558469433,-0.548375197022033,0.3828174911296109
38_thyroid,6,3,normals_only,0.9855382779318335,-0.29770075497597803,-0.5115932082002924,-0.3456178568231326,-0.4306197964847363,0.09702784160424933,-0.5115932082002924,-0.3432305810032526,0.8997039793136531
38_thyroid,6,3,uniform_shell,0.9855382779318335,0.5506363582107368,0.24072692548715346,0.24072692548715346,0.6970845394049715,0.6436692429351555,0.6210647250156665,0.6370594730088627,0.9709712520621994
38_thyroid,6,3,disagreement_shell,0.9855382779318335,-0.252626003401868,-0.6762406374026437,0.3721912207931723,-0.5301244367521112,-0.1763301602458894,-0.6762406374026437,-0.5401360747217331,0.893608059250939
38_thyroid,6,3,shell_box_mix,0.9855382779318335,0.2069134015696338,-0.3946166930261704,0.6255259467040671,0.6351347318790843,-0.03839037927844587,-0.3946166930261704,0.5656351645728267,0.9505891162670972
27_PageBlocks,10,3,normals_only,0.9646544519447123,0.00676746942938505,-0.0437860877860308,-0.0437860877860308,-0.0204998413500018,0.06547619989945005,0.02587960695412274,-0.07752753872224671,0.8110639665702346
27_PageBlocks,10,3,uniform_shell,0.9646544519447123,-0.08209781396482047,-0.16099204759816568,-0.00034136323205440105,-0.16099204759816568,-0.1193697965231791,-0.047688048505882624,-0.10452513217252345,0.8385535197685632
27_PageBlocks,10,3,disagreement_shell,0.9646544519447123,0.22536767675454938,-0.00209273256359626,-0.00209273256359626,0.28397499323221503,0.1907022733199101,0.42888617302966875,0.1858551596756258,0.8890131790421086
27_PageBlocks,10,3,shell_box_mix,0.9646544519447123,0.3234043920847176,-0.06377693742405326,0.3748181405134652,0.6819687888073388,-0.06377693742405326,0.3006075764421195,0.5609303516330774,0.949217293474767
32_shuttle,9,2,normals_only,0.998826508154335,-0.03588443962764407,-0.36909655494162763,0.42803097363645437,0.013069740844963356,-0.36909655494162763,-0.2155419180503664,0.08773844425622858,0.6449150336219547
32_shuttle,9,2,uniform_shell,0.998826508154335,-0.22910408143069713,-0.7045081594115253,-0.7045081594115253,-0.6133204662951448,0.4207280407634453,-0.01931574077956372,-0.28692410789039735,0.6064766462801211
32_shuttle,9,2,disagreement_shell,0.998826508154335,0.004941639757963967,-0.6167388729183777,-0.6167388729183777,-0.39452127575002865,0.47441668956426675,0.5566100181359954,0.07964432575677158,0.7959529289634671
32_shuttle,9,2,shell_box_mix,0.998826508154335,0.11368282351341835,-0.5079471523474028,0.42703375036660146,-0.5079471523474028,0.20188138920606163,0.33376330682841315,-0.3513559807109075,0.9839049693791931
31_satimage-2,36,1,normals_only,0.9974347129532253,-0.13986827470222207,-0.40128776954290896,-0.40128776954290896,-0.19822931687850026,-0.24662128173312317,0.2866652693456441,-0.09416814782521211,0.9828686002968263
31_satimage-2,36,1,uniform_shell,0.9974347129532253,0.005612674776095533,-0.17041291134533115,0.19464100070424897,-0.002213353901874644,0.00043596364733894497,-0.17041291134533115,0.043126865421375636,0.8539457259958917
31_satimage-2,36,1,disagreement_shell,0.9974347129532253,0.3636781726406104,0.1441362889432912,0.47489855461283076,0.1441362889432912,0.52479962440055,0.31087822260576986,0.26553539689459743,0.61877475600287
31_satimage-2,36,1,shell_box_mix,0.9974347129532253,0.10613204937751423,-0.034642342130856166,0.18890640195848288,-0.034642342130856166,0.24497803413930716,0.02528610354312303,0.0370233743586304,0.4382709375583579
27_PageBlocks,10,4,normals_only,0.9606107360977179,0.48992030906549,0.3642153903841592,0.5258566477967779,0.3942776087747584,0.3642153903841592,0.6753315893062647,0.5543674207309751,0.930708775313404
27_PageBlocks,10,4,uniform_shell,0.9606107360977179,0.4486419817314904,0.3734045611139469,0.3734045611139469,0.4818827129850784,0.38946541396115464,0.5498152388657815,0.4438022807152842,0.9168836387013825
27_PageBlocks,10,4,disagreement_shell,0.9606107360977179,0.2638044360354779,0.12862238202060167,0.12862238202060167,0.33828906323678115,0.18767229582039238,0.4006340030641364,0.26049868341986526,0.8972581163612986
27_PageBlocks,10,4,shell_box_mix,0.9606107360977179,0.2882435205994068,-0.12919935689645776,0.467504929684014,0.7040260914226552,-0.12919935689645776,0.11064241818741563,0.6516532731993678,0.9324188363870138
19_landsat,36,2,normals_only,0.7373743435858964,0.5568804183399267,0.24471259230586245,0.24471259230586245,0.5764422739867875,0.595949804947894,0.810417002119163,0.6644833642463859,0.5880587794007326
19_landsat,36,2,uniform_shell,0.7373743435858964,0.464316222649406,0.18698248552170052,0.18698248552170052,0.4671371558599362,0.6341295451907062,0.569015704025281,0.47665401094388027,0.6010149596222585
19_landsat,36,2,disagreement_shell,0.7373743435858964,0.5288408896664784,0.29196988861867595,0.29196988861867595,0.46330298385609814,0.7031445298011564,0.6569461563899829,0.5244004738775357,0.645391936219349
19_landsat,36,2,shell_box_mix,0.7373743435858964,0.5780997145635531,0.32660197141347413,0.32660197141347413,0.593575609348668,0.705455280105127,0.6867659973869435,0.6057446176042166,0.6695856317020432
30_satellite,36,3,normals_only,0.8760951642053592,0.8723415043847246,0.827725723393396,0.827725723393396,0.8612794374769545,0.8724138343120379,0.9279470223565102,0.908282399016201,0.8230191404581053
30_satellite,36,3,uniform_shell,0.8760951642053592,0.09910055863364481,-0.03002442627743906,0.08641211760730527,-0.03002442627743906,-0.016269055727869252,0.35628359893258227,-0.0008973475078431229,0.57727957725455
30_satellite,36,3,disagreement_shell,0.8760951642053592,0.5108439680080794,0.22919660346999177,0.669558335233907,0.22919660346999177,0.5025167513572107,0.6421041819712082,0.3245700537175635,0.6624954638169008
30_satellite,36,3,shell_box_mix,0.8760951642053592,0.4784141722340744,0.1767490664985247,0.6458912971541332,0.1767490664985247,0.5953521846297251,0.49566414065391456,0.2469303088102837,0.6885157251368006
2_annthyroid,6,4,normals_only,0.9311780892132134,0.4441101715034146,0.06334867356783487,0.06334867356783487,0.627172527300843,0.4428182267913035,0.6431012583536767,0.45754303937598306,0.8761099945596215
2_annthyroid,6,4,uniform_shell,0.9311780892132134,0.417009869853947,0.0018635636561940786,0.0018635636561940786,0.6427348106953069,0.5388032410522249,0.48463786401206205,0.5189325576726556,0.9010424394476892
2_annthyroid,6,4,disagreement_shell,0.9311780892132134,0.4719491016023416,0.2319695241637753,0.2319695241637753,0.6057042109367289,0.4249749840368702,0.6251476872719922,0.5412846039380514,0.8996699803516913
2_annthyroid,6,4,shell_box_mix,0.9311780892132134,0.40538451490703165,0.016588691464665677,0.016588691464665677,0.2463508216209635,0.6471028667830762,0.7114956797594212,0.48614313642550794,0.9010986417038727
23_mammography,6,8,normals_only,0.87559101155255,0.7892271494868627,0.5246163331437503,0.5246163331437503,0.875753183255418,0.8119283061715112,0.9446107753767711,0.8922578394215008,0.8458755987602142
23_mammography,6,8,uniform_shell,0.87559101155255,0.8093400868622994,0.6010718160447409,0.6010718160447409,0.8977029489620838,0.8717323368498388,0.8668532455925341,0.8363394662222277,0.836147506339814
23_mammography,6,8,disagreement_shell,0.87559101155255,0.2300536590794727,0.05311490990477375,0.05311490990477375,0.6776044522219804,0.11883584582180874,0.07065942836932797,0.0989787773868527,0.7358826429980276
23_mammography,6,8,shell_box_mix,0.87559101155255,0.9304488818578512,0.8885319506737941,0.8885319506737941,0.9763282824110334,0.9318204008283397,0.9251148935182374,0.9664055517585829,0.8433354466046775
2_annthyroid,6,1,normals_only,0.9362104392318725,0.5603400003822088,0.5246406301008382,0.5246406301008382,0.6177058051810576,0.5717436544958103,0.5272699117511292,0.6105887612079297,0.8768271353485214
2_annthyroid,6,1,uniform_shell,0.9362104392318725,0.5331194999604985,0.29792490147778883,0.43500445943158444,0.6805073684546489,0.29792490147778883,0.719041270477972,0.6497493281300393,0.9178154407830549
2_annthyroid,6,1,disagreement_shell,0.9362104392318725,0.3651897381258645,0.15490400548962235,0.3490761874233982,0.5882975531344179,0.36848120645601967,0.15490400548962235,0.438898418935966,0.8845538215286113
2_annthyroid,6,1,shell_box_mix,0.9362104392318725,0.5860703394310093,0.47954763021648583,0.47954763021648583,0.6517060798197866,0.5817634367589162,0.6312642109288483,0.7320057946013592,0.8848516934863833
19_landsat,36,4,normals_only,0.7284950649427063,0.6722379620392354,0.5681555372027091,0.5681555372027091,0.6561163063163375,0.6886821081257997,0.7759978965120955,0.7475089932173469,0.6128908697762676
19_landsat,36,4,uniform_shell,0.7284950649427063,0.4492684366845186,0.241915745559835,0.241915745559835,0.4694847432430254,0.5357997842586381,0.5498734736765758,0.46463118575543233,0.6212682582410309
19_landsat,36,4,disagreement_shell,0.7284950649427063,0.5461064947646207,0.37697106111286116,0.37697106111286116,0.495556681220226,0.5821750577236675,0.729723179001728,0.544715193345117,0.6599873497786211
19_landsat,36,4,shell_box_mix,0.7284950649427063,0.46402908620505745,0.23023092375063053,0.23023092375063053,0.5038250729261188,0.5668260788605717,0.5552342692829089,0.48042233115919075,0.6710889487077651
23_mammography,6,2,normals_only,0.8772097774020852,0.7338886207110803,0.6281928995771592,0.8169132271440249,0.6878098506298919,0.6281928995771592,0.8026385054932451,0.7821553348076666,0.8390694561848407
23_mammography,6,2,uniform_shell,0.8772097774020852,0.7451412212202919,0.5789950546798243,0.5789950546798243,0.7834969824875722,0.837835420454631,0.7802374272591404,0.7827616366599598,0.8415645252183713
23_mammography,6,2,disagreement_shell,0.8772097774020852,0.8525455801755681,0.7057339905244854,0.7057339905244854,0.9407107796782369,0.8428537972725978,0.9208837532269529,0.8876730230497122,0.8436608903916597
23_mammography,6,2,shell_box_mix,0.8772097774020852,0.823728490110384,0.5119311055381716,0.5119311055381716,0.9626209445882441,0.8860473420696334,0.9343145682454869,0.9575281455834532,0.8520829811214427
38_thyroid,6,8,normals_only,0.9864743117226532,0.12624958968696842,-0.1916236459669959,0.5688430664557905,-0.1916236459669959,-0.03761451463698486,0.16539345289606394,0.25455820476858343,0.8683936490107294
38_thyroid,6,8,uniform_shell,0.9864743117226532,0.27449195786458175,0.12695831219599532,0.5157410999373339,0.12695831219599532,0.28844260093700574,0.166825818387992,0.3245501477126913,0.9549884750839505
38_thyroid,6,8,disagreement_shell,0.9864743117226532,-0.2209722180776461,-0.34375279758885136,0.016740771686908774,-0.23684760227984836,-0.32002924412879347,-0.34375279758885136,-0.23104353794276503,0.9612248002152879
38_thyroid,6,8,shell_box_mix,0.9864743117226532,0.030407925755721973,-0.6418041837008743,-0.6418041837008743,0.24636686461162005,0.09265614275909402,0.42441287935304817,0.259720688729074,0.9608737875437302
30_satellite,36,1,normals_only,0.8668239210141029,0.6418582257386505,0.46418946093667096,0.6976652714687673,0.46418946093667096,0.4759437505675328,0.9296344199816311,0.7916409408236926,0.789025029004757
30_satellite,36,1,uniform_shell,0.8668239210141029,0.35098786656261116,-0.0116601373928253,0.566763800721632,-0.0116601373928253,0.453360197600977,0.3954876053206609,0.08080635201936318,0.554833291919248
30_satellite,36,1,disagreement_shell,0.8668239210141029,0.6882978377731646,0.625484155372961,0.625484155372961,0.6392435525483954,0.7653511346784999,0.7231125084928021,0.659069449748566,0.7305976499443144
30_satellite,36,1,shell_box_mix,0.8668239210141029,-0.18433799552694796,-0.36433583063522507,-0.33718396967541236,-0.36433583063522507,-0.18493794385881154,0.14910576206165715,-0.354228785018893,0.4939563739852805
30_satellite,36,6,normals_only,0.8697507646708653,0.8205897739401466,0.6923346060404777,0.6923346060404777,0.819651394439234,0.8281215384409438,0.9422515568399313,0.884869227469434,0.8015015436429975
30_satellite,36,6,uniform_shell,0.8697507646708653,0.31401270156380917,0.17233758079564493,0.17233758079564493,0.22015313022138616,0.490717064079023,0.3728430311591826,0.26331408782951127,0.6730989594040662
30_satellite,36,6,disagreement_shell,0.8697507646708653,-0.22359367882030917,-0.36512524409553154,-0.02762751324920932,-0.36512524409553154,-0.3285527592172925,-0.1730691987192034,-0.3362698061703591,0.5385557686841582
30_satellite,36,6,shell_box_mix,0.8697507646708653,-0.2658130826729601,-0.392188913133559,-0.12621008904807743,-0.392188913133559,-0.31747029050008413,-0.22738303801011975,-0.3713954640898517,0.4620515882450737
32_shuttle,9,7,normals_only,0.99822817802026,0.06757036129073822,-0.20839616691540583,-0.20839616691540583,0.16627252474777238,-0.11723838412663447,0.4296434714572208,0.2568229178268307,0.9459151047017751
32_shuttle,9,7,uniform_shell,0.99822817802026,0.12788546830161002,-0.14282539239238948,-0.14282539239238948,0.03098780858717128,0.07730596993460406,0.5460734870770542,0.14970766320526818,0.9785402924109846
32_shuttle,9,7,disagreement_shell,0.99822817802026,-0.08104574731908719,-0.3107721899442393,0.31414818304319153,-0.27882486027275566,-0.04873412210254536,-0.3107721899442393,-0.12292233085993537,0.8245258796027808
32_shuttle,9,7,shell_box_mix,0.99822817802026,-0.12956983062261862,-0.4248734532253171,-0.18289529116711373,0.13573459931364643,-0.4248734532253171,-0.04624517741169008,-0.13356429840464074,0.9900174590433776
28_pendigits,16,7,normals_only,0.9982809205097645,0.5040152676581687,0.2634097769910385,0.2634097769910385,0.5727584517393435,0.6685938265556098,0.5112990153466832,0.5764315405161922,0.8902234039301977
28_pendigits,16,7,uniform_shell,0.9982809205097645,0.48832561521076,0.19164862259170867,0.22927091400483632,0.19164862259170867,0.6216370849204216,0.9107458393260733,0.41546996254208085,0.8066111977017818
28_pendigits,16,7,disagreement_shell,0.9982809205097645,0.40498806720298397,0.03662657457603009,0.03662657457603009,0.3094877590049153,0.4511830064326468,0.8226549287983436,0.4231796557664649,0.9156504996791052
28_pendigits,16,7,shell_box_mix,0.9982809205097645,0.5831470974063947,0.3893063172701553,0.6507657536628154,0.43330751845237153,0.3893063172701553,0.8592088002402365,0.5016611085647452,0.8433994987928242
23_mammography,6,0,normals_only,0.8809058889828121,0.6381466963718161,0.6103786860319116,0.6103786860319116,0.6454520191968277,0.6335342277196019,0.6632218525389233,0.644847082889247,0.8332952944491406
23_mammography,6,0,uniform_shell,0.8809058889828121,0.8684927527128254,0.7966990687667835,0.7966990687667835,0.9323051692012316,0.8667897477634087,0.8781770251198779,0.9131254109436121,0.839080022541561
23_mammography,6,0,disagreement_shell,0.8809058889828121,0.9242438466848332,0.8680883807848744,0.8680883807848744,0.9706571752205528,0.9458691248292218,0.9123607059046838,0.9533311439099781,0.8386954071569457
23_mammography,6,0,shell_box_mix,0.8809058889828121,0.9177817477197112,0.8671236234455837,0.8671236234455837,0.9695797604424913,0.9228173645396717,0.9116062424510983,0.9549397555811521,0.8523020569174415
19_landsat,36,9,normals_only,0.7470802994866363,0.6093956656026521,0.4168585553738814,0.4168585553738814,0.5938866904010739,0.6240887331926583,0.802748683442995,0.687574254883061,0.6355000514834592
19_landsat,36,9,uniform_shell,0.7470802994866363,0.40542943107428864,0.1931522276411722,0.1931522276411722,0.32786825804064373,0.5874034455370193,0.5132937930783195,0.3460997801417614,0.6043540296838916
19_landsat,36,9,disagreement_shell,0.7470802994866363,0.44029079188229725,0.1844880412533945,0.1844880412533945,0.48217562616270987,0.5324415203642882,0.5620579797487967,0.44892236775308747,0.6801953429533855
19_landsat,36,9,shell_box_mix,0.7470802994866363,0.30410942113136774,-0.016004573492333737,-0.016004573492333737,0.3503552860539783,0.4460612245731314,0.43602574739069505,0.2864635432329455,0.6371286939381904
32_shuttle,9,0,normals_only,0.9978896241357079,0.1399467955664373,-0.1769889723323971,0.3410518277730275,-0.08751669193562238,0.48324101876074116,-0.1769889723323971,0.1324598807623522,0.4318718915699833
32_shuttle,9,0,uniform_shell,0.9978896241357079,0.026378648317556604,-0.39901149245749223,0.20554983399745938,-0.050110765806173525,-0.39901149245749223,0.3490870175364328,0.11797413501955491,0.9945223800962906
32_shuttle,9,0,disagreement_shell,0.9978896241357079,-0.32268531895326735,-0.6301070788100488,-0.6301070788100488,-0.03942951363395052,-0.26995307215188313,-0.35125161121718707,-0.1753840046895261,0.9507488573993844
32_shuttle,9,0,shell_box_mix,0.9978896241357079,0.4323408023023378,0.07755022276757638,0.07755022276757638,0.34660301732161464,0.6465434667679956,0.6586665023521645,0.4439280767828573,0.9857556689655806
28_pendigits,16,5,normals_only,0.9990755172519177,0.5518531396690426,0.27388218931263925,0.27388218931263925,0.5282578116356624,0.6187510865957546,0.7865214711321141,0.5871979263801741,0.9383538094801505
28_pendigits,16,5,uniform_shell,0.9990755172519177,-0.18312180935973826,-0.36593384014793506,-0.07518136270961419,-0.23621248281203078,-0.36593384014793506,-0.055159551769373004,-0.24375148172148375,0.9205785275511139
28_pendigits,16,5,disagreement_shell,0.9990755172519177,-0.09988541353858794,-0.36275386828088696,0.39312481231527874,-0.36275386828088696,-0.17988651989062915,-0.2500260782981144,-0.2985001027326895,0.8687654717154121
28_pendigits,16,5,shell_box_mix,0.9990755172519177,0.44754231796557664,-0.02667888922255061,-0.02667888922255061,0.5027642996001328,0.6302413427952773,0.6838425186894469,0.527891134959144,0.8070314171327282
19_landsat,36,7,normals_only,0.7435070532338968,0.6704139591970808,0.5358375890013671,0.5358375890013671,0.6178732828999218,0.646292463751701,0.8816525011353329,0.7786663530423308,0.6681270317579394
19_landsat,36,7,uniform_shell,0.7435070532338968,0.42445910719950747,0.29560768063890847,0.29560768063890847,0.4590246745202651,0.5117915434529445,0.4314125301859117,0.4561797333729073,0.6510103996587382
19_landsat,36,7,disagreement_shell,0.7435070532338968,0.45567622405216357,0.305656492327223,0.305656492327223,0.45791589414432904,0.5749238628592275,0.4842086468778749,0.46308797001511404,0.6565282497094862
19_landsat,36,7,shell_box_mix,0.7435070532338968,0.46162273985571634,0.2688269518654026,0.2688269518654026,0.507697414446403,0.5255533564091213,0.5444132367019385,0.500191019836486,0.6690607946104173
32_shuttle,9,3,normals_only,0.998718938693305,0.22209751769559452,-0.026060051137886297,0.3108160679717109,-0.026060051137886297,0.37576292815609286,0.2278711257924606,0.3817629760770388,0.9523434297003079
32_shuttle,9,3,uniform_shell,0.998718938693305,-0.2478468995665447,-0.4392957007902654,-0.3089267332935567,0.041469084335603194,-0.28463424851795993,-0.4392957007902654,-0.20081787803057616,0.9853073462444011
32_shuttle,9,3,disagreement_shell,0.998718938693305,-0.3720572398127172,-0.7274192097059896,-0.7274192097059896,0.01300363836061743,-0.4209222871017657,-0.3528911008037311,-0.5169540110997451,0.8409031675907209
32_shuttle,9,3,shell_box_mix,0.998718938693305,0.012014238377229841,-0.3487179922187786,0.7161755190366214,-0.01881593108531454,-0.3487179922187786,-0.30058464222360887,0.5030406460252392,0.9838562832011992
31_satimage-2,36,9,normals_only,0.9974838563832401,-0.39186424762735167,-0.560749857473423,-0.560749857473423,-0.5077635064891511,-0.13129212917938227,-0.3676514973674503,-0.42660719675374764,0.8743402494520508
31_satimage-2,36,9,uniform_shell,0.9974838563832401,0.20917871155974377,-0.049096213823401194,0.2026895603474295,0.3500452731479929,0.33307622656695396,-0.049096213823401194,0.3040008048559643,0.8344750990240115
31_satimage-2,36,9,disagreement_shell,0.9974838563832401,-0.15394547100841746,-0.27717227271202927,0.009725342902176463,-0.27717227271202927,-0.15064220798819544,-0.1976927462356216,-0.23391126462993395,0.1966916642914009
31_satimage-2,36,9,shell_box_mix,0.9974838563832401,-0.2651245849961434,-0.30765619236057545,-0.22106710486602502,-0.30544283845870085,-0.22633220429927225,-0.30765619236057545,-0.27344981387705825,0.6063021534651033
31_satimage-2,36,0,normals_only,0.9978671751373558,0.5278072681057375,0.42848519400382307,0.42848519400382307,0.6375465307354371,0.5657802072504109,0.47941714043327904,0.7093128542204635,0.9967467049330174
31_satimage-2,36,0,uniform_shell,0.9978671751373558,-0.12799306465444707,-0.22089942654012543,-0.22089942654012543,-0.09916496193702001,-0.1903484355612194,-0.001559434579423418,-0.08404037694087663,0.5158782422377952
31_satimage-2,36,0,disagreement_shell,0.9978671751373558,-0.5285490967335612,-0.6385861363560146,-0.48640128776954294,-0.6385861363560146,-0.5450887018344008,-0.44412026097428653,-0.580602971259935,0.254258278210786
31_satimage-2,36,0,shell_box_mix,0.9978671751373558,0.19838510474549823,0.07183339481538616,0.26996210469834675,0.07183339481538616,0.28823904222140245,0.1635058772468575,0.17364767430161981,0.6035599500702751
2_annthyroid,6,9,normals_only,0.930043927683433,0.15181341352101232,-0.07913413540713812,0.1527831010101149,0.2463329326707592,0.2872717558103133,-0.07913413540713812,0.10929663918243558,0.8249502048010215
2_annthyroid,6,9,uniform_shell,0.930043927683433,0.6221158648391305,0.5660903522015132,0.6120841828778711,0.7086424316048103,0.5660903522015132,0.6016464926723274,0.6660657056412647,0.9013481797213267
2_annthyroid,6,9,disagreement_shell,0.930043927683433,0.47234537731204335,0.26503618473611534,0.26503618473611534,0.5662753097615548,0.4525187661589134,0.6055512485915899,0.522729507055004,0.903416422748875
2_annthyroid,6,9,shell_box_mix,0.930043927683433,0.41439032073823834,0.20940706601712178,0.3020767140441459,0.8578488852603128,0.20940706601712178,0.288228617631373,0.7585820760993578,0.9176996641353171
19_landsat,36,8,normals_only,0.7565832634629246,0.6745879090523066,0.665402639610022,0.6724164630444049,0.665402639610022,0.6821210043383653,0.6784115292164343,0.7079291855866434,0.6493270376417634
19_landsat,36,8,uniform_shell,0.7565832634629246,0.5590102016164117,0.4551406399758293,0.4551406399758293,0.5228269971176088,0.6792192699497861,0.5788538994224224,0.5613716326686923,0.6730700322139358
19_landsat,36,8,disagreement_shell,0.7565832634629246,0.35889908824910755,0.16152418306367589,0.16152418306367589,0.30206736213410296,0.4280247449519902,0.543980062846661,0.30316930300284456,0.6164488180868747
19_landsat,36,8,shell_box_mix,0.7565832634629246,0.564205823124001,0.46630009137277634,0.4970067682040653,0.46630009137277634,0.7282802507020856,0.5652361822170766,0.5251950675581696,0.6187811658797052
28_pendigits,16,0,normals_only,0.9986591179976162,0.19388187321205605,0.10414565914874112,0.10450917481942752,0.10414565914874112,0.12235621374721434,0.4445164451328412,0.18634761581135112,0.9832141438220103
28_pendigits,16,0,uniform_shell,0.9986591179976162,-0.31778618956551974,-0.6263943986976656,-0.2403944935278405,-0.6263943986976656,-0.6139969338243428,0.20964106778777006,-0.5589258902182674,0.835869930625592
28_pendigits,16,0,disagreement_shell,0.9986591179976162,0.33582209859177187,0.2629387871220622,0.3194164783234024,0.36497289437499003,0.2629387871220622,0.3959602345466327,0.39911491836702434,0.8571712355979341
28_pendigits,16,0,shell_box_mix,0.9986591179976162,0.017630510028290997,-0.2230848255915032,0.3147065796336394,-0.04794613646062177,-0.2230848255915032,0.026846422531649573,-0.04488944382102384,0.7835373307661747
19_landsat,36,6,normals_only,0.7337216657105452,0.5335716425358213,0.20570846346255717,0.20570846346255717,0.5326690834343984,0.5682584945843414,0.8276505286619884,0.6145862968031404,0.6029913360693114
19_landsat,36,6,uniform_shell,0.7337216657105452,0.5440785694823155,0.3220899333184526,0.3220899333184526,0.5628411945159797,0.5819320728314094,0.7094510772634202,0.561196510886707,0.6294473618404601
19_landsat,36,6,disagreement_shell,0.7337216657105452,0.4664300179445364,0.3344333743389654,0.3344333743389654,0.5255588989430996,0.4134443139128718,0.5922834845832087,0.5245572151172239,0.6137204889457659
19_landsat,36,6,shell_box_mix,0.7337216657105452,0.554836417682564,0.3518436742781059,0.3518436742781059,0.550637005861944,0.6496261155527546,0.6672388750374513,0.5567605129127818,0.6781265904711472
27_PageBlocks,10,5,normals_only,0.9621520411443266,0.40908650137907904,0.3835350023961465,0.3835350023961465,0.4078805739805409,0.4160059868606592,0.4289244422789695,0.46760208725953445,0.9085004821600773
27_PageBlocks,10,5,uniform_shell,0.9621520411443266,0.23074249816331283,0.11002846653638447,0.11002846653638447,0.24273133103390726,0.13185608285351982,0.4383541122294398,0.1800935526133375,0.9011009321761491
27_PageBlocks,10,5,disagreement_shell,0.9621520411443266,0.23678415133010028,0.14451904399297735,0.14451904399297735,0.17387203017493566,0.27339314012334215,0.35535239102914595,0.18198459726760152,0.8802764384442302
27_PageBlocks,10,5,shell_box_mix,0.9621520411443266,0.3492423572223245,0.18258599723227562,0.36333563487025194,0.3716815972560674,0.18258599723227562,0.4793661995307031,0.4942320378914545,0.8949244615879138
38_thyroid,6,4,normals_only,0.9826248727579064,-0.052050073110321976,-0.23249082390856732,-0.23249082390856732,0.0007161827459640117,-0.14807078272805943,0.17164513144937482,-0.09763958103309359,0.8902968397159137
38_thyroid,6,4,uniform_shell,0.9826248727579064,0.3019120587269851,0.23713109128345913,0.2480528781594103,0.338187460833756,0.23713109128345913,0.3842768046313151,0.41253618214914506,0.9627575555477552
38_thyroid,6,4,disagreement_shell,0.9826248727579064,-0.14733967950822116,-0.5765121900271551,0.20262003521231833,0.1709289487034108,-0.5765121900271551,-0.3863955119214586,-0.2256870878219092,0.9519697661085565
38_thyroid,6,4,shell_box_mix,0.9826248727579064,-0.31658261466384163,-0.6329414222195695,-0.44665930589955527,0.17198830234848259,-0.6329414222195695,-0.3587180328847244,-0.10377189579541043,0.9166578913498777
28_pendigits,16,4,normals_only,0.9986056355245867,0.5911839547343964,0.3287509285454631,0.3287509285454631,0.641614641779014,0.6449178928735123,0.7494523557395963,0.6781811572442351,0.9074371198924238
28_pendigits,16,4,uniform_shell,0.9986056355245867,0.020606597019171516,-0.3706279338085378,-0.3706279338085378,0.09726414945235574,0.10213525943955365,0.2536549129933145,0.06628945330404133,0.9500244491305277
28_pendigits,16,4,disagreement_shell,0.9986056355245867,-0.08557158887958147,-0.15588184160199772,-0.15588184160199772,-0.11212719887468191,-0.01595991844604953,-0.05831739659559671,-0.05956915490509079,0.8484612328474069
28_pendigits,16,4,shell_box_mix,0.9986056355245867,0.3591906244567021,0.03606707654375622,0.42488659891577496,0.03606707654375622,0.21799560620189343,0.7578132161653837,0.23757803733147884,0.7747241832462333
31_satimage-2,36,7,normals_only,0.9971103663151273,0.3462222073174821,0.147523391126463,0.16969046581038935,0.3070525503873369,0.147523391126463,0.7606224219457393,0.6362051041282405,0.9618450409364772
31_satimage-2,36,7,uniform_shell,0.9971103663151273,-0.34136791978268893,-0.42006774204366343,-0.19014722157013986,-0.3457191723397834,-0.40953754317716895,-0.42006774204366343,-0.3143968610617392,0.8058146506393561
31_satimage-2,36,7,disagreement_shell,0.9971103663151273,0.347530098259499,0.26613903886783596,0.4865354304302626,0.2672792514839532,0.26613903886783596,0.37016667225594424,0.3404205372413562,0.7351365695920113
31_satimage-2,36,7,shell_box_mix,0.9971103663151273,0.3459958415775177,0.2790167342969248,0.2790167342969248,0.3435393541030886,0.3474294912639592,0.41399778664609815,0.3577249404741943,0.9625920210727028
23_mammography,6,3,normals_only,0.8838982812059736,0.9013122543299719,0.8702083889508317,0.8702083889508317,0.8975397663689554,0.9408268509787886,0.8966740110213116,0.9361484947942024,0.8591391941391942
23_mammography,6,3,uniform_shell,0.8838982812059736,0.8939932760578366,0.8089125006742379,0.8089125006742379,0.9226016084751171,0.9152781921826664,0.9291808028993248,0.9197332818067797,0.8643871513102283
23_mammography,6,3,disagreement_shell,0.8838982812059736,0.4915778322933574,0.34834089731308604,0.4026363206217053,0.5949712450422194,0.6203628661964188,0.34834089731308604,0.4267825649982214,0.7085193012116089
23_mammography,6,3,shell_box_mix,0.8838982812059736,0.8791242010709969,0.7254258280492444,0.7254258280492444,0.9480444375560304,0.8960731713478679,0.9469533673308451,0.9210592257224929,0.8636799098337562
23_mammography,6,7,normals_only,0.8802817695125387,0.7392062225141455,0.6635222723756451,0.6671129721968271,0.7177241558714669,0.9084654896126431,0.6635222723756451,0.8247958339961916,0.8487799380107073
23_mammography,6,7,uniform_shell,0.8802817695125387,0.5323980603802907,0.05120383007980927,0.05120383007980927,0.7954099945583045,0.40779125191090926,0.8751871649721398,0.6274336567170804,0.837116089039166
23_mammography,6,7,disagreement_shell,0.8802817695125387,0.8357688392255452,0.6302671619952521,0.6302671619952521,0.928058325145755,0.9212224083156214,0.8635274614455523,0.8929276391029193,0.8267807833192449
23_mammography,6,7,shell_box_mix,0.8802817695125387,0.9092170512837148,0.8025804698429694,0.8025804698429694,0.9746985047968175,0.9336372580681505,0.9259519724269215,0.953095587447094,0.8438602423217807
2_annthyroid,6,2,normals_only,0.9374187877398151,0.43778845685935835,0.10555312023285582,0.10555312023285582,0.5920488738728533,0.4814057956652394,0.5721460376664849,0.48977388406344746,0.8763134467270054
2_annthyroid,6,2,uniform_shell,0.9374187877398151,0.4869768442512735,0.3393553949271429,0.3393553949271429,0.7303873568465328,0.44529951087118197,0.43286511436023656,0.5420870849069075,0.9225465467085711
2_annthyroid,6,2,disagreement_shell,0.9374187877398151,0.3336844795034595,0.23378371589352448,0.28654894765492217,0.4832616757414999,0.23378371589352448,0.33114357872389133,0.3580058470073145,0.8785739014707007
2_annthyroid,6,2,shell_box_mix,0.9374187877398151,0.6879754535233056,0.38651579005228576,0.38651579005228576,0.8585470271539685,0.8250295177529114,0.6818094791340565,0.8009157645191587,0.9059916101271971
28_pendigits,16,2,normals_only,0.9993773112068702,0.2606265113559134,-0.10565345893063172,-0.10565345893063172,0.36160326215801863,0.35024892920927436,0.43630731298699243,0.371035703560873,0.9552084288377494
28_pendigits,16,2,uniform_shell,0.9993773112068702,-0.19707290859951634,-0.5435349528219878,0.012609252264070425,-0.35880261099081723,-0.5435349528219878,0.10143667715066933,-0.35331510486636847,0.7902417407780935
28_pendigits,16,2,disagreement_shell,0.9993773112068702,-0.07405604463340235,-0.31347694836496964,-0.16823505239367165,-0.31347694836496964,-0.29108754405651877,0.4765753662815507,-0.2324097927960677,0.8079941016472603
28_pendigits,16,2,shell_box_mix,0.9993773112068702,0.19479303314314614,-0.08850184128589715,0.43117383951573385,0.1155726952316227,-0.08850184128589715,0.32092743911112515,0.16327543424317617,0.9467276366859204
32_shuttle,9,9,normals_only,0.9982529709815384,-0.03317337873030825,-0.1919417913243935,0.3558237531754218,-0.1919417913243935,-0.1212036529048666,-0.1753718238673947,-0.05131116202399491,0.9898016453128957
32_shuttle,9,9,uniform_shell,0.9982529709815384,-0.1628416862089513,-0.5816650394495552,-0.002082644928915907,-0.20628392655812536,-0.5816650394495552,0.13866486610079137,-0.14831687653411635,0.9367474324039405
32_shuttle,9,9,disagreement_shell,0.9982529709815384,-0.4520118130293891,-0.5866489912221551,-0.5194072641595852,-0.2781691841389811,-0.5866489912221551,-0.42382181259683505,-0.34907933792046136,0.5971751369786118
32_shuttle,9,9,shell_box_mix,0.9982529709815384,0.3725206404167851,0.09234846219293662,0.22447548098214307,0.09234846219293662,0.5757612070491834,0.5974974114428774,0.1576191016837885,0.8557639486149883
31_satimage-2,36,6,normals_only,0.9983586094375043,0.2944263724470975,0.03880076461316611,0.07418089137798048,0.5253361950434287,0.5393876387538148,0.03880076461316611,0.450819947013649,0.9892670748847586
31_satimage-2,36,6,uniform_shell,0.9983586094375043,-0.5901690197525067,-0.6603843187229618,-0.6603843187229618,-0.5157449948019719,-0.6116569972165398,-0.5728897682685536,-0.5788926523357592,0.3963515917556982
31_satimage-2,36,6,disagreement_shell,0.9983586094375043,0.1121851839431235,-0.03833126530064724,-0.03833126530064724,0.054394848921828366,0.211978939602267,0.2206982125490459,0.039471477916764475,0.4915915591244606
31_satimage-2,36,6,shell_box_mix,0.9983586094375043,-0.5876454609477179,-0.6378818873872363,-0.5536067607901003,-0.5753378718266877,-0.5837553237868472,-0.6378818873872363,-0.5977396961668735,0.5355356142437319
31_satimage-2,36,5,normals_only,0.9979163185673707,-0.22908212884402565,-0.6268151178778631,0.42368959388309463,-0.12827391931318957,-0.6268151178778631,-0.5849290720681445,-0.3555786579026795,0.7859213901693483
31_satimage-2,36,5,uniform_shell,0.9979163185673707,-0.6576595459270935,-0.7073677856400282,-0.5828163251618097,-0.6572319661960496,-0.6832221067104867,-0.7073677856400282,-0.7048190750863543,0.3241402356918903
31_satimage-2,36,5,disagreement_shell,0.9979163185673707,0.11290620074449176,0.05905630638183708,0.05905630638183708,0.10707937891948088,0.08041852510144537,0.20507059257520374,0.11009758878567356,0.7327875136373019
31_satimage-2,36,5,shell_box_mix,0.9979163185673707,-0.41575002515174886,-0.5550487943928367,-0.47258459371541633,-0.3468593849559006,-0.2885073275428418,-0.5550487943928367,-0.367383212046011,0.6173397678464366
27_PageBlocks,10,8,normals_only,0.9622757955641272,0.004527840149265799,-0.1054919133732563,-0.1054919133732563,-0.019674544737829463,0.056678825686961275,0.08659899302118768,-0.013167882003300555,0.8790597878495661
27_PageBlocks,10,8,uniform_shell,0.9622757955641272,0.12257324706595081,0.022381025505446687,0.04419606742500537,0.08623843002766142,0.022381025505446687,0.3374774653056898,0.12274027785347799,0.9037158469945356
27_PageBlocks,10,8,disagreement_shell,0.9622757955641272,-0.05117063932149804,-0.1278893579661862,-0.06869985930696526,-0.022686067725795813,-0.1278893579661862,0.014592727712955111,-0.1176711672908257,0.8199501767920283
27_PageBlocks,10,8,shell_box_mix,0.9622757955641272,0.27039414600381867,0.012333448598644454,0.17533201724320807,0.716876221113092,0.012333448598644454,0.17703489706033,0.5144428037921308,0.9125747348119575
31_satimage-2,36,8,normals_only,0.9971693384311451,0.4258023407894295,0.11190851470538918,0.724336832221067,0.11190851470538918,0.16741004057815487,0.6995539756531071,0.5504879439283679,0.9834288353989955
31_satimage-2,36,8,uniform_shell,0.9971693384311451,-0.4741020825648077,-0.49066031724739256,-0.49052617458667297,-0.4617525738623026,-0.4534692645628627,-0.49066031724739256,-0.45712465206747377,0.22453633173781
31_satimage-2,36,8,disagreement_shell,0.9971693384311451,-0.3690683792213018,-0.49431570475200376,-0.2752607397967739,-0.32935376773198294,-0.3773433046044468,-0.49431570475200376,-0.37087092122472254,0.11323629144019735
31_satimage-2,36,8,shell_box_mix,0.9971693384311451,-0.5791022502431336,-0.6380831013783158,-0.5985110164660117,-0.5428418122673463,-0.5369730708608605,-0.6380831013783158,-0.5771487977464034,0.5551536715056564
47_yeast,8,0,normals_only,0.4276045385059071,0.8438747581205431,0.7008326224083852,0.7008326224083852,0.8932132871527536,0.8716369259866127,0.9098161969344211,0.8806956368007595,0.40954651242522877
47_yeast,8,0,uniform_shell,0.4276045385059071,0.8044160754825043,0.6266592021465406,0.6266592021465406,0.8903892308336858,0.8515372322866891,0.8490786366631017,0.8956004296396083,0.41090177192112065
47_yeast,8,0,disagreement_shell,0.4276045385059071,0.6402339399637117,0.5080723168357311,0.5080723168357311,0.7735762433052968,0.6482526899665891,0.63103450974723,0.758440608953833,0.41608079928042174
47_yeast,8,0,shell_box_mix,0.4276045385059071,0.7777141487799792,0.5453586077319477,0.5453586077319477,0.8682087407627715,0.8509657913503953,0.8463234552748021,0.8537830338394137,0.4351310689205923
23_mammography,6,4,normals_only,0.8881015779092702,0.7797176668029938,0.7140692754488035,0.736505175073074,0.7140692754488035,0.9132148541222724,0.7550813625678252,0.8619550367092559,0.8515680473372781
23_mammography,6,4,uniform_shell,0.8881015779092702,0.7918013719627728,0.5598030065197933,0.5598030065197933,0.8978197030349915,0.8020670250311176,0.9075157532651884,0.8751229843706582,0.8517765567765567
23_mammography,6,4,disagreement_shell,0.8881015779092702,0.2475481644689363,0.13057679925878235,0.296689851339975,0.13057679925878235,0.2739193932611734,0.2890066140158144,0.3528738229858046,0.7933643279797127
23_mammography,6,4,shell_box_mix,0.8881015779092702,0.9235023559060153,0.859590596039784,0.859590596039784,0.9706442025457851,0.9373624640435011,0.9264121609949907,0.9630271941401748,0.8444702733164271
23_mammography,6,9,normals_only,0.8782903634826712,0.7263091647850601,0.5718675940535991,0.8854703994286564,0.5789274602165619,0.8689712054414228,0.5718675940535991,0.805076002804829,0.8398062834601296
23_mammography,6,9,uniform_shell,0.8782903634826712,0.7224482578039175,0.4783318778902608,0.4783318778902608,0.9194690489049357,0.595131696545923,0.8968604078745503,0.7248454715464865,0.8130607213299521
23_mammography,6,9,disagreement_shell,0.8782903634826712,0.5396424457725126,-0.0505026228700063,-0.0505026228700063,0.8738762420482628,0.5842626434077989,0.7509335205039953,0.8050930721137338,0.8398344604113834
23_mammography,6,9,shell_box_mix,0.8782903634826712,0.763320888669188,0.5783184272748441,0.7556958576883924,0.9118124397026665,0.5783184272748441,0.8074568300108493,0.8546323031891616,0.8355600169061708
47_yeast,8,5,normals_only,0.46534609536025295,0.8501883471535916,0.6714434684604842,0.6714434684604842,0.9101964823141978,0.8986469483019063,0.9204664895377783,0.9097318527678652,0.4362967534274754
47_yeast,8,5,uniform_shell,0.46534609536025295,0.7974856967118206,0.5944362315284203,0.5944362315284203,0.8976672300353629,0.8657495926664772,0.8320897326170219,0.8928495759541779,0.44021732554059123
47_yeast,8,5,disagreement_shell,0.46534609536025295,0.7379182966529823,0.5479439958417222,0.5479439958417222,0.7879187110075122,0.7906500439906393,0.8251604357720553,0.8033888675828813,0.45746058251957256
47_yeast,8,5,shell_box_mix,0.46534609536025295,0.7644871464922818,0.4884569575420121,0.4884569575420121,0.8848228841561416,0.8373166768950852,0.8473520673758882,0.8682010061448777,0.4202474155282084
19_landsat,36,1,normals_only,0.7409111101304737,0.6329055976462206,0.3452726608046922,0.3452726608046922,0.6957380781234046,0.6966359990256895,0.793975652631096,0.7319692073024333,0.6661347689863641
19_landsat,36,1,uniform_shell,0.7409111101304737,0.5616188555222601,0.3621291582468533,0.3621291582468533,0.5402159375290964,0.6619645966639761,0.6821657296491147,0.552815677682539,0.6348969595340012
19_landsat,36,1,disagreement_shell,0.7409111101304737,0.4521736389565603,0.19980208290048118,0.19980208290048118,0.4633230920072496,0.5500368112409803,0.5955325696775302,0.4472897469879849,0.6630751805598458
19_landsat,36,1,shell_box_mix,0.7409111101304737,0.4623573814560654,0.1597404497199911,0.1597404497199911,0.44755276403687005,0.5601513632591867,0.6819849488082138,0.4262397804970105,0.6242125237191651
47_yeast,8,2,normals_only,0.4482117431621915,0.8605763533394444,0.7240738600761585,0.7240738600761585,0.9060405984568517,0.8907946537216171,0.9213963011031499,0.8952872696936954,0.42142923407670935
47_yeast,8,2,uniform_shell,0.4482117431621915,0.8021561398363668,0.573307557412273,0.573307557412273,0.9092542401129255,0.852407100563384,0.8736556612568847,0.9021754073220128,0.4555769331606991
47_yeast,8,2,disagreement_shell,0.4482117431621915,0.7680217057318584,0.5247364590090574,0.5247364590090574,0.8545908410153896,0.863602131255545,0.8291573916474413,0.8475495763685326,0.44631599327210464
47_yeast,8,2,shell_box_mix,0.4482117431621915,0.7406916175618182,0.6332345481440831,0.6332345481440831,0.8156315706845091,0.7572510431375294,0.7566493082811516,0.823667194124637,0.42523283438809634
32_shuttle,9,5,normals_only,0.9987030182131293,-0.3112994258994532,-0.5562094572222473,-0.01758244922978085,-0.22988931466740084,-0.5562094572222473,-0.44151648247838376,-0.3120764501971889,0.4954581894200237
32_shuttle,9,5,uniform_shell,0.9987030182131293,0.38304410372991293,0.24244853326510557,0.36888723619149116,0.24244853326510557,0.4242380745591674,0.49660257090388754,0.28373075454425384,0.990409472750686
32_shuttle,9,5,disagreement_shell,0.9987030182131293,0.26412220461230274,-0.02442752952623423,0.3174577685602912,-0.02442752952623423,0.2276966762661906,0.5357619031489633,0.2735373937176084,0.9918238212171564
32_shuttle,9,5,shell_box_mix,0.9987030182131293,0.36602065783983284,0.21993270814414773,0.21993270814414773,0.3115603908727611,0.38934986877822675,0.5432396635641958,0.3005096636744714,0.9451436737110335
28_pendigits,16,8,normals_only,0.9988463066532197,0.339569471005674,0.054871900238655937,0.054871900238655937,0.2290211945441039,0.29175451628708254,0.7826302729528535,0.373526576156533,0.9480341370984995
28_pendigits,16,8,uniform_shell,0.9988463066532197,-0.14534937016958796,-0.31844921053879344,-0.31844921053879344,-0.28070047889238353,-0.23153103317475618,0.24928324192758133,-0.23185029476379382,0.9233557959720058
28_pendigits,16,8,disagreement_shell,0.9988463066532197,0.6314543787833288,0.4789650866905849,0.5939466738316131,0.4789650866905849,0.704259455358695,0.748646299252422,0.5556574101879217,0.6833455578985972
28_pendigits,16,8,shell_box_mix,0.9988463066532197,0.45164214252975293,0.29126772138894597,0.3817546743373741,0.29126772138894597,0.4841206872026678,0.6494254871900238,0.40043621880482366,0.9432245347024847
32_shuttle,9,6,normals_only,0.9981296060048552,-0.1286148607148631,-0.4291379476252077,-0.4291379476252077,0.1319674965848147,-0.4178710180474567,0.20058202622839721,-0.40321983870363226,0.0896012122158519
32_shuttle,9,6,uniform_shell,0.9981296060048552,-0.24612291021328614,-0.5269530829408052,-0.5141790626318914,-0.013746490690478353,-0.5269530829408052,0.07038699541003049,-0.5293417962929794,0.7422761677959628
32_shuttle,9,6,disagreement_shell,0.9981296060048552,0.42792492659626447,0.16873613952654792,0.6637431667431103,0.16873613952654792,0.6111075987687017,0.26811280134669774,0.668029660417431,0.9587833014207267
32_shuttle,9,6,shell_box_mix,0.9981296060048552,0.171172410767194,-0.21831052740081247,0.02033057879515709,-0.21831052740081247,0.6477944668939907,0.23487512478044073,0.15885017099767487,0.8126969003499905
41_Waveform,21,4,normals_only,0.7358443113772455,0.4328532853285328,0.3328292829282928,0.4328832883288328,0.3328292829282928,0.37075307530753077,0.5949474947494748,0.47962796279627956,0.5961676646706586
41_Waveform,21,4,uniform_shell,0.7358443113772455,0.2787188718871887,-0.0531053105310531,0.17669366936693667,0.48100810081008094,0.5102790279027902,-0.0531053105310531,0.29862586258625856,0.6963832335329341
41_Waveform,21,4,disagreement_shell,0.7358443113772455,0.27925592559255924,-0.11038703870387037,0.24908490849084908,0.48766876687668764,0.4906570657065706,-0.11038703870387037,0.3645844584458446,0.6864790419161677
41_Waveform,21,4,shell_box_mix,0.7358443113772455,0.272043204320432,-0.3027542754275427,0.1096069606960696,0.6377077707770776,0.6436123612361235,-0.3027542754275427,0.3341614161416141,0.7220239520958083
31_satimage-2,36,4,normals_only,0.9974936850692431,-0.08857607565646064,-0.3301921593614809,0.09212247224923706,-0.3301921593614809,-0.09192125825815756,-0.024313357255441162,-0.15235252691237128,0.975290683388538
31_satimage-2,36,4,uniform_shell,0.9974936850692431,-0.11349307488514035,-0.3468929206210805,0.02112746906334887,-0.14336496864415307,-0.3468929206210805,0.015158120661323318,-0.1771018478151514,0.48969462272588776
31_satimage-2,36,4,disagreement_shell,0.9974936850692431,0.08927194070894395,-0.05483081256916731,0.05429424192628861,-0.05483081256916731,0.10449713270062712,0.2531272007780274,0.005265099433247259,0.5184337005985671
31_satimage-2,36,4,shell_box_mix,0.9974936850692431,-0.7405429424192629,-0.7943257654515578,-0.7419095207753446,-0.7006271169388645,-0.7943257654515578,-0.7253093665112849,-0.7192729467788994,0.4866182440069587
47_yeast,8,6,normals_only,0.4649145097469779,0.8809093286397709,0.7929076316277734,0.7929076316277734,0.8964170763788913,0.8882277734475172,0.9460848331049013,0.9144570597494629,0.43648632841648416
47_yeast,8,6,uniform_shell,0.4649145097469779,0.7588725275119899,0.6392241809937419,0.6392241809937419,0.7823514435421236,0.822290155903194,0.7916243296089001,0.834775854916984,0.4513982163816992
47_yeast,8,6,disagreement_shell,0.4649145097469779,0.6507466208237092,0.5192540881829311,0.5192540881829311,0.7708048560509344,0.640305462159533,0.6726220769014384,0.7720967213967616,0.4267292667481436
47_yeast,8,6,shell_box_mix,0.4649145097469779,0.7931428238629536,0.5793144089946239,0.5793144089946239,0.873573803217509,0.8612150808474748,0.8584680023922068,0.8798207041909198,0.4637447917296903
47_yeast,8,7,normals_only,0.4497727116887098,0.8752603642728792,0.795471933695909,0.795471933695909,0.8951782484129072,0.8765011719327291,0.9338901030499717,0.8977725681647731,0.438482916066682
47_yeast,8,7,uniform_shell,0.4497727116887098,0.7358977428267175,0.6262192497144407,0.6262192497144407,0.8154448349096455,0.7767895166462329,0.7251373700365507,0.8056876144366644,0.46231289553611404
47_yeast,8,7,disagreement_shell,0.4497727116887098,0.6823707570671618,0.4325382483760756,0.4325382483760756,0.8302743993815989,0.7399127921832478,0.726757588327725,0.7988553686305077,0.4126402149054344
47_yeast,8,7,shell_box_mix,0.4497727116887098,0.6939536466191203,0.408009841380482,0.408009841380482,0.8081577199083081,0.7627568019749058,0.7968902232127854,0.7910528886726061,0.4222641707304284
47_yeast,8,4,normals_only,0.43501006360845906,0.8684182199973942,0.6509500458782543,0.6509500458782543,0.9421319829672665,0.9232243412108267,0.9573665099332291,0.933828962737097,0.42213913190789076
47_yeast,8,4,uniform_shell,0.43501006360845906,0.6837698021180882,0.4210836475905514,0.4210836475905514,0.7731448542001508,0.7814746693565948,0.7593760373250561,0.7729806777274771,0.440160856394929
47_yeast,8,4,disagreement_shell,0.43501006360845906,0.5549722083208836,0.31278656644197905,0.31278656644197905,0.7106329357524885,0.581317582950324,0.6151517481387425,0.6774424933461568,0.38515990851998405
47_yeast,8,4,shell_box_mix,0.43501006360845906,0.7097015588477814,0.4598352802624982,0.4598352802624982,0.7946651393865618,0.7468622542820088,0.8374435614600565,0.8134040007311055,0.39231132246705636
41_Waveform,21,9,normals_only,0.7332335329341317,0.5555235523552354,0.4921332133213321,0.5294449444944493,0.4921332133213321,0.49837383738373825,0.702142214221422,0.4828802880288028,0.52237125748503
41_Waveform,21,9,uniform_shell,0.7332335329341317,0.24646564656465644,-0.04238823882388239,0.1972397239723972,0.4038883888388839,0.42712271227122706,-0.04238823882388239,0.28966096609660963,0.6201437125748502
41_Waveform,21,9,disagreement_shell,0.7332335329341317,0.3807980798079807,0.06717071707170716,0.2911491149114911,0.585010501050105,0.5798619861986197,0.06717071707170716,0.5188358835883587,0.706311377245509
41_Waveform,21,9,shell_box_mix,0.7332335329341317,0.2552655265526552,-0.25938193819381933,0.02503450345034503,0.6358595859585958,0.6195499549954995,-0.25938193819381933,0.3461866186618661,0.7595089820359281
47_yeast,8,3,normals_only,0.4589287803067888,0.8904135856721729,0.7804613423337275,0.7804613423337275,0.9268224117919774,0.9037299734398747,0.9506406151231117,0.93390124458289,0.44213727649310475
47_yeast,8,3,uniform_shell,0.4589287803067888,0.7525327190450694,0.577795845681482,0.577795845681482,0.8003024788069169,0.8103692681532173,0.8216632835386615,0.827627686801381,0.4644345220088495
47_yeast,8,3,disagreement_shell,0.4589287803067888,0.7766615041161519,0.6692634111598567,0.6692634111598567,0.8703050063695499,0.8080356234401279,0.759041975495073,0.8807123030607449,0.4353166103991965
47_yeast,8,3,shell_box_mix,0.4589287803067888,0.7244990568830503,0.5736101282979743,0.5736101282979743,0.8215065654475281,0.7603018895026964,0.7425776442840023,0.816102645745753,0.4138946366412153
47_yeast,8,1,normals_only,0.4706098264380473,0.8750214428469287,0.7828134028037069,0.7828134028037069,0.9035723345608971,0.8851041848426351,0.9285958491804758,0.911806664017867,0.4522008849521828
47_yeast,8,1,uniform_shell,0.4706098264380473,0.7523929664699711,0.5945325459369546,0.5945325459369546,0.7654426480385148,0.7968893945037252,0.8527072774006895,0.8002409701789045,0.4997035369852737
47_yeast,8,1,disagreement_shell,0.4706098264380473,0.6764958543829273,0.5022951097417974,0.5022951097417974,0.7678352231736519,0.723314486340803,0.7125385982754565,0.7660346225437409,0.4368937129673326
47_yeast,8,1,shell_box_mix,0.4706098264380473,0.7589996422739224,0.6452344394911175,0.6452344394911175,0.8365913723099758,0.7809498202852324,0.773222937009364,0.8471798800489676,0.4479939336003518
41_Waveform,21,0,normals_only,0.7369940119760479,0.38740174017401735,0.2609420942094209,0.3591359135913591,0.2609420942094209,0.2921572157215721,0.6373717371737173,0.3215121512151215,0.5462874251497006
41_Waveform,21,0,uniform_shell,0.7369940119760479,0.28010201020102005,-0.07831983198319832,0.2553855385538554,0.4783558355835583,0.4649864986498649,-0.07831983198319832,0.3632043204320432,0.7089700598802394
41_Waveform,21,0,disagreement_shell,0.7369940119760479,0.2468616861686168,-0.2321272127212721,0.09573357335733572,0.5666006600660065,0.5572397239723972,-0.2321272127212721,0.3170957095709571,0.6788982035928144
41_Waveform,21,0,shell_box_mix,0.7369940119760479,0.29515151515151505,-0.20986498649864982,0.05086108610861085,0.6741674167416741,0.6654425442544253,-0.20986498649864982,0.34568256825682564,0.7174011976047904
41_Waveform,21,8,normals_only,0.7375449101796407,0.4641644164416442,0.3381698169816981,0.3381698169816981,0.4089648964896489,0.4683828382838283,0.6411401140114011,0.41323732373237315,0.6781676646706587
41_Waveform,21,8,uniform_shell,0.7375449101796407,0.3686618661866186,0.23054305430543054,0.5880948094809479,0.30090609060906087,0.3551035103510351,0.23054305430543054,0.5136153615361535,0.6743592814371259
41_Waveform,21,8,disagreement_shell,0.7375449101796407,0.14896489648964895,-0.19321932193219318,0.06768676867686768,0.36321632163216316,0.35817581758175815,-0.19321932193219318,0.17968196819681964,0.6457964071856288
41_Waveform,21,8,shell_box_mix,0.7375449101796407,0.34487548754875486,-0.010429042904290427,0.16219621962196218,0.625046504650465,0.6026882688268826,-0.010429042904290427,0.4031323132313231,0.7574970059880239
47_yeast,8,8,normals_only,0.44405722744561826,0.8617783497916488,0.758811318140027,0.758811318140027,0.896063493846605,0.87924438307905,0.9129942041009128,0.8903211846119777,0.426539691759135
47_yeast,8,8,uniform_shell,0.44405722744561826,0.8138771015256072,0.6544964602613288,0.6544964602613288,0.8820045367217098,0.8598009348758985,0.8592064742434922,0.8884834762319336,0.4371962262476656
47_yeast,8,8,disagreement_shell,0.44405722744561826,0.7838565173133436,0.5731092197105687,0.5731092197105687,0.8882692089005195,0.8597035155219509,0.8143441251203354,0.8913939945295993,0.3777584169278365
47_yeast,8,8,shell_box_mix,0.44405722744561826,0.7927452276717004,0.6479836357584277,0.6479836357584277,0.8604534051425081,0.8314904838878242,0.831053385898042,0.8703176211630196,0.4100466677153794
41_Waveform,21,6,normals_only,0.7360119760479042,0.5378277827782778,0.43738373837383737,0.7087188718871886,0.43738373837383737,0.5121512151215121,0.49305730573057305,0.7130273027302729,0.6362514970059879
41_Waveform,21,6,uniform_shell,0.7360119760479042,0.3389618961896189,-0.1534113411341134,0.3213321332133213,0.6049084908490848,0.5830183018301829,-0.1534113411341134,0.45735373537353735,0.7252694610778443
41_Waveform,21,6,disagreement_shell,0.7360119760479042,0.34257125712571257,-0.0653105310531053,0.2650945094509451,0.5629162916291629,0.6075847584758476,-0.0653105310531053,0.42514251425142513,0.7381437125748503
41_Waveform,21,6,shell_box_mix,0.7360119760479042,0.294068406840684,-0.2961296129612961,0.1911191119111911,0.6253945394539453,0.6558895889588957,-0.2961296129612961,0.37210921092109206,0.7582634730538922
28_pendigits,16,9,normals_only,0.9991672014913969,0.012309746961483153,-0.31134643043416416,-0.31134643043416416,-0.2244851511751039,-0.1315420966951684,0.716612666150369,-0.06850531839231241,0.9252391430579749
28_pendigits,16,9,uniform_shell,0.9991672014913969,-0.1271261715477865,-0.32722732373441227,-0.17654533672614622,-0.21180319577689619,-0.32722732373441227,0.20707117004630873,-0.23749269017401334,0.7558868922098957
28_pendigits,16,9,disagreement_shell,0.9991672014913969,0.583741366502821,0.41770479366534424,0.41770479366534424,0.5448657362772833,0.6474593415624851,0.7249355945061717,0.5993994088919093,0.9158262278047737
28_pendigits,16,9,shell_box_mix,0.9991672014913969,0.5357035608730698,0.24243650329534858,0.24243650329534858,0.6810355455105813,0.6312528646615353,0.5880893300248138,0.7061054827646156,0.9353435102839156
47_yeast,8,9,normals_only,0.44412579712249367,0.8651916642918013,0.6639956759802822,0.6639956759802822,0.9302534514581365,0.9261313605146836,0.940386169214103,0.9208353571482832,0.4143463898065125
47_yeast,8,9,uniform_shell,0.44412579712249367,0.7487695972427929,0.46433710411302115,0.46433710411302115,0.854765238233137,0.8597841765371288,0.8161918700878846,0.8422144395187411,0.4733405129818533
47_yeast,8,9,disagreement_shell,0.44412579712249367,0.6666602288249873,0.49642840206937855,0.49642840206937855,0.7877463395230228,0.6815159666914206,0.7009502070161272,0.7874140271899442,0.39653037435010063
47_yeast,8,9,shell_box_mix,0.44412579712249367,0.7422881255659968,0.4487561767599594,0.4487561767599594,0.861607152311661,0.8492517447778669,0.8095374284145002,0.8454595721190965,0.45453628747635355
32_shuttle,9,4,normals_only,0.9980232362032418,-0.06532988305776666,-0.4642579158794735,-0.4642579158794735,-0.10728127475868865,0.042295173766422965,0.26792448464067253,0.10404778321267204,0.9972199642521489
32_shuttle,9,4,uniform_shell,0.9980232362032418,0.23477149262124605,0.030548630802427968,0.19589222377871007,0.14082983936258317,0.571815276541263,0.030548630802427968,0.2954427473686503,0.9798554690323418
32_shuttle,9,4,disagreement_shell,0.9980232362032418,0.2574777131959954,0.005388246840593485,0.4725065921992405,0.005388246840593485,0.18220605829380465,0.36980995545034295,0.21177258627618026,0.9597153118229734
32_shuttle,9,4,shell_box_mix,0.9980232362032418,-0.038564432088610635,-0.4519523813318324,-0.4519523813318324,-0.20397474190118586,0.4319755124411365,0.06969388243743921,-0.25677401480805556,0.4698878238468099
41_Waveform,21,3,normals_only,0.7391497005988025,0.20786678667866787,-0.050525052505250516,0.3385058505850585,-0.050525052505250516,-0.03007500750075007,0.5735613561356135,0.10108610861086108,0.46270658682634735
41_Waveform,21,3,uniform_shell,0.7391497005988025,0.18537053705370535,-0.25171317131713167,0.28690069006900687,0.33512151215121505,0.3711731173117311,-0.25171317131713167,0.24104410441044102,0.7049221556886227
41_Waveform,21,3,disagreement_shell,0.7391497005988025,0.32915691569156913,0.050033003300330024,0.2545934593459346,0.47767176717671767,0.5343294329432943,0.050033003300330024,0.37590159015901586,0.7135928143712574
41_Waveform,21,3,shell_box_mix,0.7391497005988025,0.35073207320732075,-0.17248124812481244,0.2546174617461746,0.6633303330333034,0.6574617461746174,-0.17248124812481244,0.43107110711071106,0.7869461077844311
41_Waveform,21,7,normals_only,0.7457724550898204,0.3824752475247524,0.2297269726972697,0.36253225322532245,0.2297269726972697,0.27576357635763576,0.6618781878187818,0.30361836183618357,0.4931736526946108
41_Waveform,21,7,uniform_shell,0.7457724550898204,0.34770177017701764,-0.12721272127212718,0.3840024002400239,0.5543834383438342,0.5796339633963397,-0.12721272127212718,0.47332733273327326,0.7715568862275448
41_Waveform,21,7,disagreement_shell,0.7457724550898204,0.29836783678367834,-0.008784878487848783,0.2843324332433243,0.47452745274527447,0.44339633963396335,-0.008784878487848783,0.39602760276027593,0.7611497005988024
41_Waveform,21,7,shell_box_mix,0.7457724550898204,0.29602460246024603,-0.31761176117611756,0.11336333633363337,0.691029102910291,0.6973177317731774,-0.31761176117611756,0.38447044704470446,0.780431137724551
41_Waveform,21,1,normals_only,0.7362275449101795,0.24356735673567356,-0.011989198919891988,0.3209600960096009,-0.011989198919891988,0.013453345334533452,0.6518451845184519,0.192019201920192,0.45164071856287424
41_Waveform,21,1,uniform_shell,0.7362275449101795,0.27716171617161717,-0.058301830183018294,0.1738973897389739,0.47685568556855684,0.5161956195619561,-0.058301830183018294,0.3465226522652265,0.7245988023952096
41_Waveform,21,1,disagreement_shell,0.7362275449101795,0.22434143414341431,0.18137413741374134,0.24484848484848484,0.21918991899189916,0.251953195319532,0.18137413741374134,0.2408040804080408,0.5706347305389221
41_Waveform,21,1,shell_box_mix,0.7362275449101795,0.2953975397539754,-0.03258325832583258,0.1393219321932193,0.5016741674167416,0.5731773177317732,-0.03258325832583258,0.33354935493549354,0.7298443113772455
32_shuttle,9,8,normals_only,0.998150100186557,0.130600930879469,-0.31122361956244005,0.20971452497152074,0.04283378226974396,0.5810790358390514,-0.31122361956244005,0.19708788219521492,0.9975920086287503
32_shuttle,9,8,uniform_shell,0.998150100186557,0.023994129671901225,-0.11599757818633136,-0.10856622827986502,0.21331162198331668,0.10722870317048458,-0.11599757818633136,6.992633446816818e-05,0.9935876954532609
32_shuttle,9,8,disagreement_shell,0.998150100186557,-0.1626858668567146,-0.4021037056008452,-0.06628111517891087,0.04862867038269812,-0.23098731702980047,-0.4021037056008452,-0.32557252030121947,0.9880611894283212
32_shuttle,9,8,shell_box_mix,0.998150100186557,-0.2613137009389959,-0.5374837697646131,-0.2239631182864263,-0.23526967704049664,-0.5374837697646131,-0.04853823866444755,-0.5042286567514471,0.9904739544443333
41_Waveform,21,5,normals_only,0.7353532934131737,0.4879867986798679,0.29107710771077105,0.6105490549054904,0.29107710771077105,0.3303090309030903,0.7200120012001199,0.5299969996999699,0.6149221556886227
41_Waveform,21,5,uniform_shell,0.7353532934131737,0.1742904290429043,0.03913591359135914,0.29567356735673567,0.19317131713171315,0.16918091809180916,0.03913591359135914,0.25258925892589257,0.5685868263473054
41_Waveform,21,5,disagreement_shell,0.7353532934131737,0.2625172517251725,-0.30467446744674465,0.21831383138313828,0.5552355235523552,0.5811941194119412,-0.30467446744674465,0.35624362436243623,0.6519760479041916
41_Waveform,21,5,shell_box_mix,0.7353532934131737,0.2865316531653165,-0.24536453645364534,0.17413741374137412,0.5825262526252625,0.6348274827482748,-0.24536453645364534,0.35978397839783977,0.7057844311377245
26_optdigits,64,7,normals_only,0.8593259610321221,0.30643395709844007,0.09789084599068722,0.16723352884596576,0.12086306569181027,0.09789084599068722,0.839748387865297,0.42313757771760474,0.8202527646129542
26_optdigits,64,7,uniform_shell,0.8593259610321221,-0.06076788923138397,-0.152000256021392,-0.152000256021392,-0.11537910973439278,0.1349926127160847,-0.11068480388583578,-0.20618078310543275,0.6890521327014218
26_optdigits,64,7,disagreement_shell,0.8593259610321221,0.3035315855133341,0.06792745965782969,0.20197776525327443,0.06792745965782969,0.44630040198914395,0.4979207151530882,0.2705772749011917,0.7401053185887309
26_optdigits,64,7,shell_box_mix,0.8593259610321221,0.2660422131734675,0.0776988720910463,0.2789299728155063,0.0776988720910463,0.2582526895580608,0.44928731822925644,0.2522859687831694,0.6249289099526066
4_breastw,9,4,normals_only,0.9881450488145049,-0.3918109114840447,-0.6253256196937779,-0.43155316913061564,-0.36050160046447083,-0.6253256196937779,-0.14986325664731429,-0.5411477371766162,0.6639338082852727
4_breastw,9,4,uniform_shell,0.9881450488145049,-0.3918109114840447,-0.6253256196937779,-0.43155316913061564,-0.36050160046447083,-0.6253256196937779,-0.14986325664731429,-0.5411477371766162,0.6639338082852727
4_breastw,9,4,disagreement_shell,0.9881450488145049,-0.3918109114840447,-0.6253256196937779,-0.43155316913061564,-0.36050160046447083,-0.6253256196937779,-0.14986325664731429,-0.5411477371766162,0.6639338082852727
4_breastw,9,4,shell_box_mix,0.9881450488145049,0.1793341613935269,0.019353498906690903,0.14939763378261192,0.29792899941413725,0.2506565134706675,0.019353498906690903,0.31962481930771497,0.9722002337065099
4_breastw,9,9,normals_only,0.9795318330883185,-0.08565339148099725,-0.21269663583356196,0.020501679575717587,-0.005890712623279115,-0.1445278970428655,-0.21269663583356196,-0.10316238418443116,0.9110030532624674
4_breastw,9,9,uniform_shell,0.9795318330883185,-0.08565339148099725,-0.21269663583356196,0.020501679575717587,-0.005890712623279115,-0.1445278970428655,-0.21269663583356196,-0.10316238418443116,0.9110030532624674
4_breastw,9,9,disagreement_shell,0.9795318330883185,-0.08565339148099725,-0.21269663583356196,0.020501679575717587,-0.005890712623279115,-0.1445278970428655,-0.21269663583356196,-0.10316238418443116,0.9110030532624674
4_breastw,9,9,shell_box_mix,0.9795318330883185,0.14315232132518532,-0.2972539167758475,0.4030704832862108,0.4250309797512624,-0.2972539167758475,0.04176173903911548,0.438058750648822,0.9813223265106109
4_breastw,9,2,normals_only,0.9952504806061291,-0.19931735334384498,-0.3040820963777157,-0.3040820963777157,-0.09828649434772117,-0.24748766853442455,-0.1474131541155185,-0.20662670962700364,0.8179539372007991
4_breastw,9,2,uniform_shell,0.9952504806061291,-0.19931735334384498,-0.3040820963777157,-0.3040820963777157,-0.09828649434772117,-0.24748766853442455,-0.1474131541155185,-0.20662670962700364,0.8179539372007991
4_breastw,9,2,disagreement_shell,0.9952504806061291,-0.19931735334384498,-0.3040820963777157,-0.3040820963777157,-0.09828649434772117,-0.24748766853442455,-0.1474131541155185,-0.20662670962700364,0.8179539372007991
4_breastw,9,2,shell_box_mix,0.9952504806061291,0.2987058033489606,0.2265283640214587,0.37219863779223356,0.34882917552456244,0.24726703605758762,0.2265283640214587,0.3609586876674795,0.9860718459044819
41_Waveform,21,2,normals_only,0.7787664670658683,0.3372727272727273,0.14702670267026702,0.14702670267026702,0.2894329432943294,0.28303630363036303,0.6295949594959496,0.3241644164416441,0.6201197604790418
41_Waveform,21,2,uniform_shell,0.7787664670658683,0.3008400840084008,0.1875067506750675,0.38226222622262224,0.3073027302730273,0.32628862886288623,0.1875067506750675,0.4097929792979298,0.6306586826347306
41_Waveform,21,2,disagreement_shell,0.7787664670658683,0.3553345334533453,-0.15751575157515751,0.3951875187518752,0.5728412841284128,0.6108250825082507,-0.15751575157515751,0.46250225022502245,0.7106467065868264
41_Waveform,21,2,shell_box_mix,0.7787664670658683,0.3603570357035703,-0.16981698169816978,0.3199639963996399,0.6265226522652264,0.6647584758475847,-0.16981698169816978,0.43761176117611755,0.7717125748502993
4_breastw,9,8,normals_only,0.9847336876625579,-0.00916266945574328,-0.196227096744704,-0.196227096744704,0.15413474104567826,0.022986651735151364,-0.01754497385909873,-0.0002905140780660992,0.8209883523691056
4_breastw,9,8,uniform_shell,0.9847336876625579,-0.00916266945574328,-0.196227096744704,-0.196227096744704,0.15413474104567826,0.022986651735151364,-0.01754497385909873,-0.0002905140780660992,0.8209883523691056
4_breastw,9,8,disagreement_shell,0.9847336876625579,-0.00916266945574328,-0.196227096744704,-0.196227096744704,0.15413474104567826,0.022986651735151364,-0.01754497385909873,-0.0002905140780660992,0.8209883523691056
4_breastw,9,8,shell_box_mix,0.9847336876625579,0.2988117058120221,0.07630628614312547,0.4848934876940257,0.4456282327130144,0.18841881669792288,0.07630628614312547,0.46279420044240754,0.979908779071959
4_breastw,9,3,normals_only,0.9883712164046893,0.1090790798891815,-0.0953268547082399,-0.028571026736524823,-0.0953268547082399,0.22075158321382404,0.3394626177876667,0.12907922859502377,0.8976591654415923
4_breastw,9,3,uniform_shell,0.9883712164046893,0.1090790798891815,-0.0953268547082399,-0.028571026736524823,-0.0953268547082399,0.22075158321382404,0.3394626177876667,0.12907922859502377,0.8976591654415923
4_breastw,9,3,disagreement_shell,0.9883712164046893,0.1090790798891815,-0.0953268547082399,-0.028571026736524823,-0.0953268547082399,0.22075158321382404,0.3394626177876667,0.12907922859502377,0.8976591654415923
4_breastw,9,3,shell_box_mix,0.9883712164046893,0.45252620149957506,0.3456928541008413,0.4521414315707493,0.3456928541008413,0.5389660247961016,0.4733044955306081,0.3312770269290288,0.9675072562101852
44_Wilt,5,1,normals_only,0.548453819373336,0.8593232159419961,0.7297755859198262,0.7297755859198262,0.9783100794045786,0.7971026377703375,0.9321045606732421,0.910027938648086,0.4384292443170182
44_Wilt,5,1,uniform_shell,0.548453819373336,0.8801107153764365,0.7325743993756221,0.7325743993756221,0.9699899895937018,0.872460637046421,0.9454178354900009,0.9186463611890325,0.5343743600245751
44_Wilt,5,1,disagreement_shell,0.548453819373336,0.9016539439304134,0.8073951169577412,0.8073951169577412,0.9561344844357976,0.895095749253461,0.9479904250746538,0.9409103248574787,0.5558570550890847
44_Wilt,5,1,shell_box_mix,0.548453819373336,0.8062678858248121,0.6659649013663921,0.6659649013663921,0.9350200208125959,0.759463934259343,0.8646226868609176,0.8622063331372726,0.5331319543996177
24_mnist,100,6,normals_only,0.8958327122153209,0.4538715834203706,0.11886248634418485,0.5798495448824531,0.11886248634418485,0.3208917452601215,0.795882557194723,0.33654509498998975,0.860911801242236
24_mnist,100,6,uniform_shell,0.8958327122153209,0.47199694704008327,0.26513655785169987,0.6366132642253205,0.26513655785169987,0.5921802872483997,0.39405767883491305,0.3175308637656111,0.6413093167701862
24_mnist,100,6,disagreement_shell,0.8958327122153209,0.3808250905918891,0.18082780926958156,0.5528154488945021,0.26655640982887774,0.5231006943745949,0.18082780926958156,0.3063395989437879,0.5505440993788819
24_mnist,100,6,shell_box_mix,0.8958327122153209,0.5143792138107492,0.29818684865340256,0.5836279797433309,0.29818684865340256,0.5444317381008129,0.6312702887454507,0.4122450567504998,0.7544380952380952
26_optdigits,64,1,normals_only,0.8779410215903108,0.33653969357629326,-0.0033175374933236937,0.25803933839805276,-0.0033175374933236937,0.25152857216514085,0.8399084012353031,0.5136589190563478,0.7883728278041074
26_optdigits,64,1,uniform_shell,0.8779410215903108,0.10772069964025842,-0.05975908618311378,0.19656575749440391,-0.05975908618311378,0.030969698801499856,0.26310642844824367,0.012009892382119037,0.42380726698262244
26_optdigits,64,1,disagreement_shell,0.8779410215903108,0.12617044297262722,0.03379304581893953,0.08114633578272315,0.10846199886058476,0.03379304581893953,0.2812803914282615,-0.15882749314164915,0.7301211163770405
26_optdigits,64,1,shell_box_mix,0.8779410215903108,0.1265407836120946,-0.05455922539305506,-0.05455922539305506,-0.054248135471063684,0.21458326295708258,0.40038723235541457,-0.1502223296879917,0.5339073196419168
4_breastw,9,7,normals_only,0.9910286855893551,0.3943787706072439,0.34479538095801077,0.34479538095801077,0.3748321632926452,0.38306764407146904,0.4748198941068506,0.4165202742347414,0.920426702853481
4_breastw,9,7,uniform_shell,0.9910286855893551,0.3943787706072439,0.34479538095801077,0.34479538095801077,0.3748321632926452,0.38306764407146904,0.4748198941068506,0.4165202742347414,0.920426702853481
4_breastw,9,7,disagreement_shell,0.9910286855893551,0.3943787706072439,0.34479538095801077,0.34479538095801077,0.3748321632926452,0.38306764407146904,0.4748198941068506,0.4165202742347414,0.920426702853481
4_breastw,9,7,shell_box_mix,0.9910286855893551,0.20971901877321966,0.15816052287259966,0.2699350452714109,0.15816052287259966,0.22486185198549447,0.18591865496337368,0.17838047850877053,0.9842625051830074
26_optdigits,64,4,normals_only,0.8722696155871511,0.3752745739423786,0.09493458075688258,0.2587291738154121,0.09493458075688258,0.4049316120635857,0.742502929133634,0.4379334806641621,0.8524855186940495
26_optdigits,64,4,uniform_shell,0.8722696155871511,0.29062547252353194,0.05581919838477616,0.13062958149392034,0.05581919838477616,0.37021937833027824,0.605833731885153,0.2947144028034342,0.8477198525539759
26_optdigits,64,4,disagreement_shell,0.8722696155871511,0.08983519726718867,-0.009225117771461228,0.1615086060524168,-0.009225117771461228,0.06159625782065345,0.14546104296714568,0.1555987789201942,0.4091469194312797
26_optdigits,64,4,shell_box_mix,0.8722696155871511,0.1613511127248462,0.10458651656227275,0.10458651656227275,0.1903033135599094,0.1455997212211509,0.20491489955605177,0.12119946022156515,0.8162032648762507
26_optdigits,64,3,normals_only,0.8628330700368614,0.2955445378377997,-0.07688998014056284,-0.07688998014056284,0.04778469980947033,0.3998325193393936,0.8114509123428978,0.2323091885010836,0.8677619799894681
26_optdigits,64,3,uniform_shell,0.8628330700368614,0.02579201311415462,-0.06369211185933323,0.025091874343278458,-0.06369211185933323,0.09885092621072336,0.04291736376194988,0.11537852940601256,0.7372143233280675
26_optdigits,64,3,disagreement_shell,0.8628330700368614,0.177104150389972,0.019215903901594847,0.3593775835492032,0.019215903901594847,0.09536619059725877,0.23445692351183114,0.22285062040739398,0.4262190626645603
26_optdigits,64,3,shell_box_mix,0.8628330700368614,0.18879928167657134,-0.08600204904706633,0.08019692312068741,-0.08600204904706633,0.39273148156379284,0.3682707710688715,0.05788039178384682,0.8220010531858873
4_breastw,9,0,normals_only,0.9862226242979382,-0.12209750978021708,-0.3592914722211019,-0.18075205788130408,0.1356322768612349,-0.08397878587969726,-0.3592914722211019,-0.16161153125531524,0.780560895623657
4_breastw,9,0,uniform_shell,0.9862226242979382,-0.12209750978021708,-0.3592914722211019,-0.18075205788130408,0.1356322768612349,-0.08397878587969726,-0.3592914722211019,-0.16161153125531524,0.780560895623657
4_breastw,9,0,disagreement_shell,0.9862226242979382,-0.12209750978021708,-0.3592914722211019,-0.18075205788130408,0.1356322768612349,-0.08397878587969726,-0.3592914722211019,-0.16161153125531524,0.780560895623657
4_breastw,9,0,shell_box_mix,0.9862226242979382,0.16248010630219417,0.1365956760429609,0.1902972692995182,0.15655720160666148,0.1365956760429609,0.16647027825963603,0.17325846479351742,0.9753854272682724
26_optdigits,64,9,normals_only,0.8742127435492365,0.3259802281340224,0.05459833977238986,0.05459833977238986,0.0862173888638895,0.2850638186657374,0.8780413652340727,0.47144739204875774,0.7371879936808847
26_optdigits,64,9,uniform_shell,0.8742127435492365,0.00570525816084704,-0.036517258733846904,0.07243805260172849,-0.036517258733846904,0.007525962169283476,-0.0206257233937769,0.04090119529987394,0.8106266456029488
26_optdigits,64,9,disagreement_shell,0.8742127435492365,0.1099347612315949,0.02191035524030814,0.13627271967613291,0.02191035524030814,0.1503858989106645,0.13117007109927406,0.02033414347509925,0.6572353870458136
26_optdigits,64,9,shell_box_mix,0.8742127435492365,0.18974708858781558,-0.030493214544148575,-0.030493214544148575,0.10876691362643742,0.2107393862242711,0.4699752690447023,-0.054900587249067906,0.8555292259083729
26_optdigits,64,0,normals_only,0.8786887835703001,0.3972772201706796,0.08858350345119889,0.29138612470730885,0.08858350345119889,0.40804653899970306,0.8010927135245076,0.47844175424435453,0.8341548183254344
26_optdigits,64,0,uniform_shell,0.8786887835703001,0.10083319766197603,-0.14653893196714096,-0.09459101471589626,-0.14653893196714096,0.36689110023415283,0.2775716370967885,-0.10170627590216426,0.685329120589784
26_optdigits,64,0,disagreement_shell,0.8786887835703001,0.08237248324684487,-0.0014632333723884484,0.16995731198873504,0.07082120866730302,-0.0014632333723884484,0.0901746457037299,0.13169278144129373,0.4684307530279094
26_optdigits,64,0,shell_box_mix,0.8786887835703001,0.10506078419931028,-0.04355206031256173,0.22517970390414838,-0.04355206031256173,0.10757698865505205,0.13103850455060242,0.09564354710526923,0.7791363875724066
4_breastw,9,1,normals_only,0.990990990990991,0.3267128551307632,0.25424646191353617,0.3575024052016523,0.25424646191353617,0.29148934393482634,0.403613209473038,0.37313918261380913,0.8960948396094839
4_breastw,9,1,uniform_shell,0.990990990990991,0.3267128551307632,0.25424646191353617,0.3575024052016523,0.25424646191353617,0.29148934393482634,0.403613209473038,0.37313918261380913,0.8960948396094839
4_breastw,9,1,disagreement_shell,0.990990990990991,0.3267128551307632,0.25424646191353617,0.3575024052016523,0.25424646191353617,0.29148934393482634,0.403613209473038,0.37313918261380913,0.8960948396094839
4_breastw,9,1,shell_box_mix,0.990990990990991,0.331916362046399,0.16961119871128566,0.490525329443404,0.39716227895819334,0.27036664107271324,0.16961119871128566,0.42027278436867244,0.990312488220438
4_breastw,9,5,normals_only,0.9902559463228919,0.04039691380542324,-0.017442872363237553,0.1037381382574517,0.08342370696484781,-0.008131317637368986,-0.017442872363237553,0.07967073899134038,0.6290663047985223
4_breastw,9,5,uniform_shell,0.9902559463228919,0.04039691380542324,-0.017442872363237553,0.1037381382574517,0.08342370696484781,-0.008131317637368986,-0.017442872363237553,0.07967073899134038,0.6290663047985223
4_breastw,9,5,disagreement_shell,0.9902559463228919,0.04039691380542324,-0.017442872363237553,0.1037381382574517,0.08342370696484781,-0.008131317637368986,-0.017442872363237553,0.07967073899134038,0.6290663047985223
4_breastw,9,5,shell_box_mix,0.9902559463228919,0.36911753002366887,0.2854083261071069,0.43820554596209593,0.4538815392327151,0.2854083261071069,0.29897470879275745,0.4559053688847554,0.9831505145312677
6_cardio,21,0,normals_only,0.9557272727272728,0.6563515029649287,0.27696957290259544,0.7499270855459889,0.7912148263425339,0.8072945270685968,0.27696957290259544,0.8170744189681037,0.8409204545454544
6_cardio,21,0,uniform_shell,0.9557272727272728,0.5900776293769083,0.10883238920579925,0.6599313888745201,0.10883238920579925,0.8156502483493818,0.7758964910779321,0.33110426051536485,0.7513409090909091
6_cardio,21,0,disagreement_shell,0.9557272727272728,0.6018003341858941,0.3034639043186268,0.6010869481476427,0.3034639043186268,0.7752870077999204,0.7273634764773864,0.3981613451038357,0.5756818181818182
6_cardio,21,0,shell_box_mix,0.9557272727272728,0.7448876670231921,0.5873295039946115,0.8304532582580434,0.5873295039946115,0.8042899012655748,0.7574780045745388,0.6725816339221153,0.8335454545454546
4_breastw,9,6,normals_only,0.9908025179991707,0.18219221967403726,-0.1259710356145647,0.2360640045146151,-0.1259710356145647,0.269158876040148,0.34951703375595067,0.1949542846870952,0.899468506163067
4_breastw,9,6,uniform_shell,0.9908025179991707,0.18219221967403726,-0.1259710356145647,0.2360640045146151,-0.1259710356145647,0.269158876040148,0.34951703375595067,0.1949542846870952,0.899468506163067
4_breastw,9,6,disagreement_shell,0.9908025179991707,0.18219221967403726,-0.1259710356145647,0.2360640045146151,-0.1259710356145647,0.269158876040148,0.34951703375595067,0.1949542846870952,0.899468506163067
4_breastw,9,6,shell_box_mix,0.9908025179991707,0.3444120852539443,0.10926871075537374,0.5250371712982639,0.5244042813248672,0.21893817763727225,0.10926871075537374,0.5319708325623648,0.9857702891175695
6_cardio,21,1,normals_only,0.9548181818181819,0.5280412982247771,0.4375098365725694,0.5370410929353874,0.4375098365725694,0.5465634454803494,0.591050817910802,0.5211220791570319,0.8215909090909091
6_cardio,21,1,uniform_shell,0.9548181818181819,0.46460796284547745,-0.009191073289757087,0.6592138005874979,-0.009191073289757087,0.5475429755040453,0.6608661485801237,0.2477385513301247,0.5927159090909091
6_cardio,21,1,disagreement_shell,0.9548181818181819,0.4580566010292122,0.12995501866059725,0.3591100144288074,0.12995501866059725,0.8038848821097095,0.5392764889177347,0.21216070015485383,0.6767727272727273
6_cardio,21,1,shell_box_mix,0.9548181818181819,0.7849668794374063,0.7433790778547984,0.8161169008550527,0.7520358265857655,0.8283357124540088,0.7433790778547984,0.7924805112046128,0.8124431818181819
6_cardio,21,9,normals_only,0.9485,0.6025420501561406,0.2779459551675457,0.6522448296773383,0.6659252321431126,0.8140521836365656,0.2779459551675457,0.7038891744322853,0.887090909090909
6_cardio,21,9,uniform_shell,0.9485,0.2992604658583181,-0.3308511235429491,0.1814452800410302,-0.3308511235429491,0.6530658739443913,0.6933818329908001,-0.2655197727490345,0.3444090909090909
6_cardio,21,9,disagreement_shell,0.9485,0.7941675234551223,0.6568563249574344,0.8449238883159678,0.6568563249574344,0.8278404444644998,0.8470494360825874,0.7157249787860211,0.812125
6_cardio,21,9,shell_box_mix,0.9485,0.5577386401587647,0.08918675895527069,0.5666383079884525,0.08918675895527069,0.8532377869665276,0.7218917067248081,0.2617667419840876,0.7694545454545454
26_optdigits,64,6,normals_only,0.8604897314375989,0.46528411677630893,0.06783996055268854,0.40699400661033003,0.06783996055268854,0.5229574737800313,0.8633450261621858,0.6637585718273348,0.8836440231700895
26_optdigits,64,6,uniform_shell,0.8604897314375989,0.21632236507142819,0.03552830192033823,0.1708996129454372,0.24718448084743092,0.4116770645725064,0.03552830192033823,0.16882655084069242,0.6741232227488151
26_optdigits,64,6,disagreement_shell,0.8604897314375989,-0.04230272595195733,-0.2304480205091359,0.04514688338403385,-0.2304480205091359,-0.10587017937498776,0.12196041269226048,0.038220082389106284,0.6262032648762507
26_optdigits,64,6,shell_box_mix,0.8604897314375989,0.12046666048061977,0.013751083822513442,0.05860578572787415,0.013751083822513442,0.21822090023521964,0.19128887213687185,-0.014527436070213865,0.8001000526592944
6_cardio,21,5,normals_only,0.9569431818181818,0.5513297629383962,0.3924030292791429,0.7084742554196075,0.3924030292791429,0.6477059737023703,0.45673579335246406,0.6167968487748721,0.8912045454545454
6_cardio,21,5,uniform_shell,0.9569431818181818,0.68609777858966,0.6292908092568889,0.7845782352831118,0.6491125347925762,0.6292908092568889,0.6814095350260635,0.6943822302247746,0.6593409090909091
6_cardio,21,5,disagreement_shell,0.9569431818181818,0.5390500172362654,-0.19123397670479494,0.6724363553118592,-0.19123397670479494,0.8573694225945659,0.8176282677434313,-0.07102253029114054,0.3707727272727273
6_cardio,21,5,shell_box_mix,0.9569431818181818,0.5738742118771197,0.2349650395829183,0.5508469632918371,0.2349650395829183,0.7495859009309936,0.7600989437027299,0.32233691650552115,0.7037272727272728
6_cardio,21,4,normals_only,0.9664772727272728,0.5575885760764454,0.3452685844227528,0.5446902318844726,0.597457184082307,0.742938303916249,0.3452685844227528,0.6216328655435456,0.8885000000000001
6_cardio,21,4,uniform_shell,0.9664772727272728,0.7397071318542778,0.3728586538175807,0.8491237608670051,0.3728586538175807,0.9162556859516685,0.8205904267808568,0.4689252354448992,0.6527613636363637
6_cardio,21,4,disagreement_shell,0.9664772727272728,0.6680640654850438,0.6049786539496522,0.7287384203592563,0.6548686494262045,0.6049786539496522,0.6836705382050622,0.6713489669260037,0.7304999999999999
6_cardio,21,4,shell_box_mix,0.9664772727272728,0.6231509142086976,0.4278642173279962,0.6887075596605322,0.4278642173279962,0.7810343176692908,0.5949975621769714,0.49659200593441116,0.816625
7_Cardiotocography,21,6,normals_only,0.7556523605150215,0.49897225258666356,-0.01954137108410232,0.6880059268201357,-0.01954137108410232,0.5736749812711653,0.7537494733394555,0.48764643992053697,0.6081931330472103
7_Cardiotocography,21,6,uniform_shell,0.7556523605150215,0.6059552007647868,-0.03550868463547773,0.8027879652822101,-0.03550868463547773,0.7774553746789712,0.8790861477334435,0.23268265394183044,0.6940643776824035
7_Cardiotocography,21,6,disagreement_shell,0.7556523605150215,0.4408971566572194,-0.18581583159435078,0.4388668602943072,-0.18581583159435078,0.671178406120586,0.8393591918083353,-0.04045090317896584,0.4903304721030043
7_Cardiotocography,21,6,shell_box_mix,0.7556523605150215,0.5964070767048576,0.3476430424936283,0.689644281101798,0.3476430424936283,0.5941857159247123,0.7541552672992919,0.43050919009907973,0.6202832618025752
7_Cardiotocography,21,8,normals_only,0.762568669527897,0.7092393061852889,0.42483044734862846,0.7482041812067743,0.42483044734862846,0.8388711293124123,0.8250514668733404,0.821234036762768,0.6429935622317596
7_Cardiotocography,21,8,uniform_shell,0.762568669527897,0.6979913352070033,0.24560556466509997,0.757580842306918,0.24560556466509997,0.8844641240908695,0.9043148097651256,0.3981269090144764,0.5029377682403433
7_Cardiotocography,21,8,disagreement_shell,0.762568669527897,0.5066360187452159,3.931054171764536e-05,0.5522947899302163,3.931054171764536e-05,0.7051474575180817,0.7690625169908477,0.13867223457305816,0.4212896995708155
7_Cardiotocography,21,8,shell_box_mix,0.762568669527897,0.6061535777390216,0.14761132131743082,0.5547433089811543,0.14761132131743082,0.8685779218834907,0.8536817587740103,0.32263857336529955,0.63687339055794
26_optdigits,64,2,normals_only,0.876650868878357,0.43903146618683386,0.14693363001838972,0.28818585730718826,0.14693363001838972,0.4893688894894328,0.8316374879323248,0.5612788979701414,0.7617219589257505
26_optdigits,64,2,uniform_shell,0.876650868878357,0.18623349146857715,0.04137056785189162,0.13483615519874548,0.22585948320642354,0.04137056785189162,0.3428677596172479,0.07506938357516092,0.9091258557135333
26_optdigits,64,2,disagreement_shell,0.876650868878357,-0.10737587644527023,-0.3493714141448263,0.16117791175440432,-0.014601282839786263,-0.3493714141448263,-0.22670872055087268,-0.05279196661765516,0.8014428646656134
26_optdigits,64,2,shell_box_mix,0.876650868878357,0.1971563743770665,0.08970171729904541,0.08970171729904541,0.10379494277747094,0.21022734344025187,0.3849014939914979,0.04819780497214878,0.6876408636124275
6_cardio,21,2,normals_only,0.9534204545454545,0.5616268363836384,0.21843005291151518,0.7563237467793824,0.5651414980646028,0.7066120477790533,0.21843005291151518,0.6875651414980646,0.7829999999999999
6_cardio,21,2,uniform_shell,0.9534204545454545,0.49628168882353263,-0.1711194927575311,0.5424406146165691,-0.1711194927575311,0.823983957719522,0.7898216757155704,-0.08091688412600058,0.32381818181818184
6_cardio,21,2,disagreement_shell,0.9534204545454545,0.25587981395666615,-0.0563449882731546,0.30054952734924867,-0.0563449882731546,0.3977651307122284,0.381549586038342,-0.021286618189102123,0.5121818181818182
6_cardio,21,2,shell_box_mix,0.9534204545454545,0.560656861610302,0.13404703284947483,0.6299291546655896,0.13404703284947483,0.7751791494377608,0.7034721094883829,0.30187464437006867,0.7423863636363637
26_optdigits,64,8,normals_only,0.9644813059505002,0.41529296958222744,0.039752654888497344,0.039752654888497344,0.24588384537326757,0.5239566683794022,0.8515787096877426,0.33029070873477423,0.8834439178515008
26_optdigits,64,8,uniform_shell,0.9644813059505002,0.15783690510793852,0.08070072193534651,0.20200976792727565,0.08070072193534651,0.17091739220877122,0.17771973836036073,0.11543897890134819,0.8061979989468142
26_optdigits,64,8,disagreement_shell,0.9644813059505002,0.1714025501086854,0.056628731645133004,0.056628731645133004,0.1142362367435533,0.38929297203499663,0.1254522600110587,0.09207347102780143,0.8064402317008952
26_optdigits,64,8,shell_box_mix,0.9644813059505002,0.04030089385689729,-0.17407854522955696,-0.17407854522955696,-0.12564172542421528,0.13934497638024865,0.32157886970111277,-0.14861864013526463,0.7329225908372828
24_mnist,100,1,normals_only,0.9231693581780538,0.29849277828365495,-0.01826849201909328,0.40337886403849793,-0.01826849201909328,0.16782475066275646,0.6410359904524585,0.15164560394146576,0.8320033126293996
24_mnist,100,1,uniform_shell,0.9231693581780538,0.3442145824715891,0.1282864247624717,0.3891712189358319,0.1282864247624717,0.39935066917197964,0.460050017016073,0.14598108036789756,0.6807991718426502
24_mnist,100,1,disagreement_shell,0.9231693581780538,0.4979713455264877,0.32191717806033165,0.6179846310297248,0.32191717806033165,0.5937680041367548,0.4582155688791397,0.3495051944669146,0.6689267080745341
24_mnist,100,1,shell_box_mix,0.9231693581780538,0.3109526795905145,0.2028407251884307,0.3265196371524925,0.2028407251884307,0.2580962118581583,0.4563541441629764,0.1875622020219866,0.7062451345755694
44_Wilt,5,0,normals_only,0.5552495050856714,0.8769492367772147,0.7235784657497059,0.8739735091846892,0.9503028572074924,0.7235784657497059,0.9599421149669711,0.8997559609990046,0.3976209980203427
44_Wilt,5,0,uniform_shell,0.5552495050856714,0.921365819552529,0.8647018652158175,0.9107158006062798,0.9642679395529815,0.8647018652158175,0.9457776728350376,0.9487157553615055,0.541166632534644
44_Wilt,5,0,disagreement_shell,0.5552495050856714,0.9292493679870599,0.8835851959098724,0.898712503393358,0.9729959392815128,0.8835851959098724,0.9617038333634964,0.9609466903447651,0.6063895146426377
44_Wilt,5,0,shell_box_mix,0.5552495050856714,0.8288494465998552,0.725845653108316,0.725845653108316,0.9003915086869966,0.8109107773052212,0.8782498472988869,0.8725094165686362,0.5025735545088402
7_Cardiotocography,21,2,normals_only,0.791706008583691,0.5358349499767211,0.13976415453726954,0.661432712122025,0.13976415453726954,0.6301475686904282,0.7119953645571617,0.530975550681101,0.7106974248927038
7_Cardiotocography,21,2,uniform_shell,0.791706008583691,0.7424237794561466,0.6733678194893127,0.794191230073098,0.6733678194893127,0.783268235748224,0.7188678325139515,0.7381144754992454,0.7371351931330472
7_Cardiotocography,21,2,disagreement_shell,0.791706008583691,0.5625123111891743,0.08816429553345086,0.6915327286941162,0.08816429553345086,0.7513365732413795,0.7190156472877507,0.3396598600532856,0.4648347639484978
7_Cardiotocography,21,2,shell_box_mix,0.791706008583691,0.5034780349915532,0.056542255423061176,0.2655804189626227,0.056542255423061176,0.8723539869812735,0.8194354785992551,0.19596127170491834,0.6355300429184549
26_optdigits,64,5,normals_only,0.9157609268035807,0.48051328407309557,0.2470659770683061,0.2470659770683061,0.34337011744458545,0.41730597934405184,0.9143110624354389,0.5220471754973304,0.8966824644549763
26_optdigits,64,5,uniform_shell,0.9157609268035807,0.08385633850689554,-0.16494355972854619,-0.16494355972854619,0.1881472703477014,0.28679907476713606,0.025422568641290912,-0.05161853523761096,0.7491205897840969
26_optdigits,64,5,disagreement_shell,0.9157609268035807,0.04391596207880547,-0.07888481348663798,0.1596488951076801,0.08264096462538466,-0.07888481348663798,0.012258802068795082,0.01166141882077258,0.6543865192206426
26_optdigits,64,5,shell_box_mix,0.9157609268035807,0.1448604955346675,-0.04245510291526581,-0.04245510291526581,0.04261312710544959,0.23025746151233967,0.34902649643614664,0.06533701482612768,0.26022116903633485
24_mnist,100,8,normals_only,0.9105830227743271,0.2690739454839877,-0.03978433834417791,0.16506201616154903,-0.03978433834417791,0.2476205053479701,0.7033975987706097,0.15312884895100368,0.8159884057971015
24_mnist,100,8,uniform_shell,0.9105830227743271,0.3907728869272076,0.16724644044463063,0.5255653174802397,0.38851533137252897,0.4817644584114311,0.16724644044463063,0.37684817432572015,0.6181706004140787
24_mnist,100,8,disagreement_shell,0.9105830227743271,0.2542319563233362,0.13926689616075172,0.3078989993185712,0.13926689616075172,0.2895626804103705,0.28019924940365143,0.18642125389946237,0.6761465838509317
24_mnist,100,8,shell_box_mix,0.9105830227743271,0.4309116914771241,0.22655555236417357,0.5938938841625805,0.22655555236417357,0.596259376387818,0.30693795299392446,0.3345898288837322,0.6507130434782609
24_mnist,100,5,normals_only,0.9098923395445133,0.49594161707672385,0.20685476032381822,0.509345027817841,0.20685476032381822,0.49278139051595726,0.7747852896492791,0.4012346730736768,0.8375146997929608
24_mnist,100,5,uniform_shell,0.9098923395445133,0.4588770107412887,0.27167510181707055,0.559908015962849,0.27167510181707055,0.6360117929342338,0.3679131322510014,0.30355158817567435,0.7171188405797101
24_mnist,100,5,disagreement_shell,0.9098923395445133,0.3026181583284848,0.11424564735849725,0.4660691794404283,0.11424564735849725,0.4109419845412812,0.2192158219737326,0.15529295275303026,0.6772865424430642
24_mnist,100,5,shell_box_mix,0.9098923395445133,0.4220200758924858,0.28257593009308063,0.4476022068809126,0.28257593009308063,0.503638989516662,0.45426317707928787,0.3447540470627009,0.7845271221532091
24_mnist,100,9,normals_only,0.9007875776397514,0.3941893906213888,0.1564391070251506,0.32833574879015787,0.1564391070251506,0.3025997545767586,0.7893829520934881,0.3102259275747793,0.8583925465838509
24_mnist,100,9,uniform_shell,0.9007875776397514,0.4834946630523393,0.2579591646242265,0.619717707468071,0.2579591646242265,0.6273405394180736,0.42896124069898606,0.368642189957608,0.7440770186335404
24_mnist,100,9,disagreement_shell,0.9007875776397514,0.39248649868060503,0.23502366331359859,0.5475660154408478,0.24650758537289683,0.540848730595077,0.23502366331359859,0.28535246573389506,0.6123867494824016
24_mnist,100,9,shell_box_mix,0.9007875776397514,0.35261391200910736,0.19807057552285104,0.4563556027318516,0.19807057552285104,0.5081125673452401,0.24791690243648665,0.2614178341193981,0.6663387163561076
7_Cardiotocography,21,0,normals_only,0.7749077253218885,0.5134147677831142,0.28050028148838124,0.5194420867672,0.28050028148838124,0.5656187511876911,0.6880979516891846,0.5391348301182783,0.650538626609442
7_Cardiotocography,21,0,uniform_shell,0.7749077253218885,0.7073870708642733,0.3351141858582253,0.7192415022081792,0.3351141858582253,0.897844768422073,0.8773478269686157,0.5373006939229638,0.6468218884120172
7_Cardiotocography,21,0,disagreement_shell,0.7749077253218885,0.5950443901934308,-0.04463276216440403,0.7167102116395371,-0.04463276216440403,0.8455571231679908,0.8625429881305997,0.12184566254419839,0.584628755364807
7_Cardiotocography,21,0,shell_box_mix,0.7749077253218885,0.741882984510376,0.5974036069052554,0.8006847623624389,0.5974036069052554,0.8210815379493474,0.7483620308244625,0.6933863126385763,0.6990407725321888
6_cardio,21,6,normals_only,0.9418068181818181,0.6083140922765269,0.5257842018316111,0.540307660475083,0.5257842018316111,0.7597377941203987,0.6074267126790145,0.6798235525242708,0.7763409090909092
6_cardio,21,6,uniform_shell,0.9418068181818181,0.5811885688257893,0.23978564801414046,0.48454708842954924,0.23978564801414046,0.7808494176198741,0.8195721212395936,0.37914525549774986,0.7713068181818181
6_cardio,21,6,disagreement_shell,0.9418068181818181,0.18589398695339088,-0.4704770751453612,0.215279787893229,-0.4704770751453612,0.2735585225165337,0.725214712549162,-0.3976660771143265,0.3353409090909091
6_cardio,21,6,shell_box_mix,0.9418068181818181,0.17333756548017426,-0.4257995001095092,-0.11024115148706966,-0.4257995001095092,0.5201293419869492,0.7092615715303268,-0.37462621024236215,0.5020681818181818
24_mnist,100,3,normals_only,0.9235983436853002,0.44360997402994296,0.08821811082749863,0.5681805181526609,0.08821811082749863,0.2831193066574771,0.8349219604821351,0.3686294170279647,0.8360786749482401
24_mnist,100,3,uniform_shell,0.9235983436853002,0.46453628884525433,0.25215303049350746,0.5123016739010984,0.25215303049350746,0.6079840327601375,0.4857064182262741,0.3025749525078473,0.6829904761904763
24_mnist,100,3,disagreement_shell,0.9235983436853002,0.3761856150227528,0.11621061617326912,0.5328347084090258,0.2632438564495459,0.59245327905917,0.11621061617326912,0.31305499457287517,0.7328853002070393
24_mnist,100,3,shell_box_mix,0.9235983436853002,0.4602844870862312,0.26918192236316946,0.6244501763166929,0.26918192236316946,0.5176204702466165,0.42988537941844607,0.31641466661208056,0.6892215320910973
44_Wilt,5,4,normals_only,0.5205816096661888,0.8897374247805627,0.7677564530359242,0.869208668898742,0.9642248156275449,0.7677564530359242,0.9577597615600396,0.9258819903176182,0.43430609597924774
44_Wilt,5,4,uniform_shell,0.5205816096661888,0.869993382951769,0.7829749570174643,0.7829749570174643,0.9460159148493348,0.825073098588363,0.9259095613519138,0.9202002364039451,0.48792409038159607
44_Wilt,5,4,disagreement_shell,0.5205816096661888,0.9223744598905075,0.8768847276264591,0.9085560695864626,0.9355551816577684,0.8768847276264591,0.96850186069134,0.9513745927970318,0.5611065601747559
44_Wilt,5,4,shell_box_mix,0.5205816096661888,0.8244647684598677,0.6473905076463667,0.6473905076463667,0.938023849651615,0.7646161829246221,0.9478285336168671,0.8897243462130122,0.427291965321865
6_cardio,21,3,normals_only,0.9648977272727273,0.5442100911293154,0.45460208518829537,0.5218242591066026,0.45460208518829537,0.7112345490144718,0.4891794712078917,0.5988307273065456,0.8068068181818182
6_cardio,21,3,uniform_shell,0.9648977272727273,0.7125474830208132,0.4143445018099293,0.6618134072346546,0.4143445018099293,0.9129825148387792,0.8610495081998898,0.5128169852707299,0.7876363636363637
6_cardio,21,3,disagreement_shell,0.9648977272727273,0.5837363379207197,0.29990677955841905,0.7450558497202837,0.29990677955841905,0.7841864232736333,0.5057962991305422,0.40132005428137163,0.9423181818181817
6_cardio,21,3,shell_box_mix,0.9648977272727273,0.4948089098735573,-0.065455718089058,0.5999071097370787,-0.065455718089058,0.6833806772844786,0.7614035705617298,0.035103494500874424,0.5512840909090909
6_cardio,21,8,normals_only,0.9479318181818182,0.4020910057504713,0.09388630187794615,0.686768310332721,0.09388630187794615,0.5133980997117541,0.31431131107946403,0.42767931727857944,0.8536022727272727
6_cardio,21,8,uniform_shell,0.9479318181818182,0.4136622172156845,0.12891605647816032,0.47654135652801727,0.12891605647816032,0.6133255704661792,0.4358658853903811,0.27232145313829315,0.7335340909090908
6_cardio,21,8,disagreement_shell,0.9479318181818182,0.7638524744843789,0.5391652423126153,0.8337616484279643,0.5391652423126153,0.8898656062795579,0.7926174009173776,0.6469927877974773,0.8119772727272727
6_cardio,21,8,shell_box_mix,0.9479318181818182,0.46552547682131906,0.24432670518017302,0.7364734057598565,0.24432670518017302,0.5710164770157132,0.31028531932953346,0.3306001877615978,0.7700795454545454
6_cardio,21,7,normals_only,0.9618749999999999,0.6293054206290738,0.5328566287218014,0.5898300570438665,0.5328566287218014,0.6933652799529826,0.7011697167976446,0.6569994023766259,0.8056818181818182
6_cardio,21,7,uniform_shell,0.9618749999999999,0.664905077750147,0.24797407877402464,0.7641621881600135,0.24797407877402464,0.8625003989658804,0.7849836451006694,0.38121877748049465,0.8077386363636363
6_cardio,21,7,disagreement_shell,0.9618749999999999,0.4549817798734699,-0.09164108699217147,0.5513862551026361,-0.09164108699217147,0.7065680239577635,0.6536139274256514,0.20288488100911403,0.4857159090909091
6_cardio,21,7,shell_box_mix,0.9618749999999999,0.7171029774038393,0.6019432114717274,0.7615229600736958,0.6019432114717274,0.7740587431859379,0.7308869948839967,0.6712675228566177,0.7729772727272728
7_Cardiotocography,21,5,normals_only,0.783167381974249,0.5775469967279416,0.41860420302620016,0.6277686583513703,0.41860420302620016,0.7229162967098024,0.5408988288243938,0.6217587109462663,0.6272789699570815
7_Cardiotocography,21,5,uniform_shell,0.783167381974249,0.43593140135142283,-0.22512898215639365,0.38768951549905556,-0.22512898215639365,0.750305723952838,0.8308593481101914,-0.14222939390911912,0.5018412017167382
7_Cardiotocography,21,5,disagreement_shell,0.783167381974249,0.7364206320821948,0.6534436004898697,0.7049016332255307,0.6534436004898697,0.8141136703149972,0.7732236242983818,0.7058313305017487,0.6648497854077253
7_Cardiotocography,21,5,shell_box_mix,0.783167381974249,0.7055140226562981,0.5883562531183842,0.68145654154392,0.5883562531183842,0.7932744584350312,0.7589688375278569,0.6534092111773565,0.6818497854077253
24_mnist,100,2,normals_only,0.9112778467908902,0.4066463406135193,0.05448884797139453,0.3739874104699339,0.05448884797139453,0.38348733656307754,0.8146217674496712,0.3331190355198975,0.8840024844720495
24_mnist,100,2,uniform_shell,0.9112778467908902,0.31240336379759504,0.14880103836946607,0.4239154540548624,0.17926245447405217,0.4976345082919994,0.14880103836946607,0.2356194662787941,0.6323047619047619
24_mnist,100,2,disagreement_shell,0.9112778467908902,0.2664987132181943,0.033855472132297094,0.4217522171772848,0.033855472132297094,0.4827991936088428,0.1275879699543524,0.09064594671749429,0.544791718426501
24_mnist,100,2,shell_box_mix,0.9112778467908902,0.4017854632984899,0.3242411424469066,0.4034471354553692,0.3242411424469066,0.4171600876023055,0.4622934876893783,0.32744963495953544,0.7282944099378882
7_Cardiotocography,21,3,normals_only,0.8007296137339055,0.34173762397146074,0.23234693202652043,0.4925089701260635,0.30249900611922237,0.33959558761403685,0.23234693202652043,0.3371380561915437,0.6238197424892703
7_Cardiotocography,21,3,uniform_shell,0.8007296137339055,0.7381936267459942,0.6233327927886796,0.6637682207770146,0.6233327927886796,0.8752986608030912,0.7903748326151915,0.6960724736973639,0.6466309012875536
7_Cardiotocography,21,3,disagreement_shell,0.8007296137339055,0.5969979592589789,0.14926414282711573,0.5582131906137336,0.14926414282711573,0.8616986363748209,0.8188158672202455,0.40482499842135267,0.6127038626609442
7_Cardiotocography,21,3,shell_box_mix,0.8007296137339055,0.5947932884221767,0.30207672907832783,0.6141219118916167,0.30207672907832783,0.7332507594553562,0.7297237532634063,0.4476109952118811,0.596167381974249
44_Wilt,5,9,normals_only,0.5346644822172162,0.8531609130395439,0.7610298276174101,0.7610298276174101,0.949349889150303,0.7922176160528458,0.9100463193376165,0.8846830886345126,0.444586661205543
44_Wilt,5,9,uniform_shell,0.5346644822172162,0.8089053380350193,0.6165971970862364,0.6165971970862364,0.9139062641389918,0.8556423061261423,0.8494755847887068,0.8300853712333724,0.5421564611918903
44_Wilt,5,9,disagreement_shell,0.5346644822172162,0.8654370927970318,0.7980690378698759,0.8179519952945433,0.9200673298796487,0.7980690378698759,0.9256600081440592,0.8888123812324675,0.526452317564339
44_Wilt,5,9,shell_box_mix,0.5346644822172162,0.845815529985974,0.7803868145416704,0.7803868145416704,0.907075010180074,0.8244156354628539,0.8713846597592978,0.8846237048683376,0.5661888183493754
7_Cardiotocography,21,7,normals_only,0.774118025751073,0.6736835851950805,0.485737951659892,0.6774807812658883,0.485737951659892,0.8090304555902049,0.722485152264337,0.7299084740305845,0.5781609442060085
7_Cardiotocography,21,7,uniform_shell,0.774118025751073,0.7382060635016646,0.5474847923641496,0.7581533650683442,0.5474847923641496,0.7547254621137983,0.8924606344603664,0.6619293412282498,0.555714592274678
7_Cardiotocography,21,7,disagreement_shell,0.774118025751073,0.564643035116699,0.3371168296848545,0.4819630724004717,0.3371168296848545,0.7183265093276563,0.7211657290538133,0.40334447922574235,0.7224957081545063
7_Cardiotocography,21,7,shell_box_mix,0.774118025751073,0.49866199571302394,0.08210323849492208,0.4875697161784816,0.08210323849492208,0.6961608186553719,0.72881420952332,0.2173296046622421,0.567019313304721
7_Cardiotocography,21,4,normals_only,0.7806630901287553,0.6356311422033915,0.47195364795008565,0.47195364795008565,0.6185195934590341,0.785620464724125,0.6664308626803211,0.6848033331544694,0.6189935622317597
7_Cardiotocography,21,4,uniform_shell,0.7806630901287553,0.4059870247669811,-0.13037563505350055,0.19324605760624888,-0.13037563505350055,0.7739825284504858,0.7870951480646904,-0.04186382958791227,0.40906223175965667
7_Cardiotocography,21,4,disagreement_shell,0.7806630901287553,0.4574332448366355,-0.07963467877565746,0.20393022408491074,-0.07963467877565746,0.876222547471333,0.8292148865659557,0.05742582358697724,0.5918390557939914
7_Cardiotocography,21,4,shell_box_mix,0.7806630901287553,0.6131936537975132,0.5456419456692713,0.6602723692842961,0.5912578810076423,0.6556024192288433,0.5456419456692713,0.6204827488681913,0.6035042918454936
44_Wilt,5,7,normals_only,0.5357396409311216,0.8999224476291737,0.842125429825355,0.8547211508008323,0.9535053388833589,0.842125429825355,0.9493378710071485,0.9401941849153922,0.4266707625093863
44_Wilt,5,7,uniform_shell,0.5357396409311216,0.9033283540516694,0.8411668061713872,0.8411668061713872,0.9622913084788707,0.8712955841100352,0.9385597174463848,0.9547757273097456,0.5300668987644208
44_Wilt,5,7,disagreement_shell,0.5357396409311216,0.9134142272192562,0.8234358033209663,0.9103248574789612,0.9711529216812957,0.8234358033209663,0.9487433263958012,0.9517881583114649,0.5570380230732473
44_Wilt,5,7,shell_box_mix,0.5357396409311216,0.8582426434824901,0.732972411998914,0.732972411998914,0.9516142487105238,0.8425234424486471,0.9058604707718757,0.9129405709890506,0.49863130589118715
7_Cardiotocography,21,1,normals_only,0.7826652360515022,0.5891009481634476,0.2977477075521005,0.5067660675910078,0.2977477075521005,0.733370054794626,0.8185199627160559,0.6161568105217066,0.6949399141630901
7_Cardiotocography,21,1,uniform_shell,0.7826652360515022,0.6159200322560981,-0.08578811262262678,0.7915329362158297,-0.08578811262262678,0.910943776142177,0.8469915292890128,0.07344068925668981,0.43225321888412016
7_Cardiotocography,21,1,disagreement_shell,0.7826652360515022,0.429129482494841,-0.05344081376971789,0.40762808314268506,-0.05344081376971789,0.6728356152322122,0.6894950453741846,0.09063190658202545,0.4763819742489271
7_Cardiotocography,21,1,shell_box_mix,0.7826652360515022,0.5056345867120441,-0.04034038304357867,0.500252376049504,-0.04034038304357867,0.8232070346303341,0.7394193192119171,0.11186007344489896,0.6324120171673819
24_mnist,100,4,normals_only,0.8722277432712215,0.5308904263265541,0.1808285840022074,0.7711224180463813,0.1808285840022074,0.3582422771040261,0.8133684261536016,0.5283625774473233,0.8407871635610766
24_mnist,100,4,uniform_shell,0.8722277432712215,0.3408430153614898,0.11273713595194235,0.4673229712130607,0.11273713595194235,0.5110643549418322,0.272247599339124,0.16580307889841173,0.6643585921325051
24_mnist,100,4,disagreement_shell,0.8722277432712215,0.4623118382968314,0.2723564965587552,0.6160155545506945,0.2723564965587552,0.6018570300289242,0.3590182720489517,0.3446390240446554,0.7135884057971015
24_mnist,100,4,shell_box_mix,0.8722277432712215,0.34059243113135346,0.1643422767605741,0.44277605209376125,0.1643422767605741,0.3624863583875531,0.3927650372835254,0.22753100930960854,0.6789084886128365
24_mnist,100,0,normals_only,0.9091403726708075,0.4452897376353051,0.2481624342217995,0.459261613653439,0.2481624342217995,0.32362901032159536,0.7501058923443866,0.33511702210470984,0.8282161490683229
24_mnist,100,0,uniform_shell,0.9091403726708075,0.43226863982003066,0.1204712786040273,0.5406123323543093,0.1204712786040273,0.6656768367886752,0.40231411153311103,0.10526217553695906,0.5046865424430642
24_mnist,100,0,disagreement_shell,0.9091403726708075,0.4074120782424201,0.23063182518092995,0.6399840816001665,0.23063182518092995,0.5221671414489767,0.2368652647396073,0.288447632400416,0.5599163561076606
24_mnist,100,0,shell_box_mix,0.9091403726708075,0.5537073759541725,0.385543843132278,0.6924330992185382,0.385543843132278,0.5621658774344162,0.5746866840314574,0.49512822909105647,0.6848347826086956
7_Cardiotocography,21,9,normals_only,0.7938133047210301,0.6980148288257004,0.5939377571231087,0.6330541771008089,0.5939377571231087,0.8633078190327649,0.7017595620461188,0.756686008678558,0.6357017167381974
7_Cardiotocography,21,9,uniform_shell,0.7938133047210301,0.6436641664864169,0.4879890286234698,0.5980038782843646,0.4879890286234698,0.7670145422322991,0.7216492168055338,0.519966108739599,0.626461373390558
7_Cardiotocography,21,9,disagreement_shell,0.7938133047210301,0.4838090647621567,0.1003757032392064,0.39925096519831216,0.1003757032392064,0.6954425563591915,0.7401670342519167,0.16702645990784254,0.6438519313304721
7_Cardiotocography,21,9,shell_box_mix,0.7938133047210301,0.31812330458554755,-0.015123174513013241,0.15316412803378215,-0.015123174513013241,0.6404283129581597,0.4940239518632616,0.03191761032224861,0.6054871244635193
24_mnist,100,7,normals_only,0.9181871635610765,0.4613808446216878,0.09075615884519544,0.582844653035735,0.09075615884519544,0.36813864051617595,0.803783926089645,0.34869065913545594,0.8843246376811595
24_mnist,100,7,uniform_shell,0.9181871635610765,0.32153503353573454,0.16941847599503837,0.41662215709244393,0.24262126291124794,0.45747823814420807,0.16941847599503837,0.2519573884649821,0.6681788819875777
24_mnist,100,7,disagreement_shell,0.9181871635610765,0.19331760314710966,0.07363506709422833,0.19765859129973667,0.07363506709422833,0.2843393431536071,0.2176374110408665,0.11345495713939868,0.6597672877846792
24_mnist,100,7,shell_box_mix,0.9181871635610765,0.4449978521286565,0.34344594008268325,0.5772180918585501,0.34575848661503744,0.5135688899583551,0.34344594008268325,0.41293323234449447,0.7410832298136646
44_Wilt,5,6,normals_only,0.4948255853641887,0.8804622460637045,0.8173390699936657,0.8217935594063884,0.9646390880915752,0.8173390699936657,0.9180772667631888,0.9263330241607093,0.4101167315175097
44_Wilt,5,6,uniform_shell,0.4948255853641887,0.8774911136435616,0.7434338521400777,0.7434338521400777,0.9546018177088045,0.8745892622839562,0.937339522441408,0.9309331451904803,0.5279473001570073
44_Wilt,5,6,disagreement_shell,0.4948255853641887,0.8857682562664011,0.7987950751063251,0.8661016254185141,0.93705391480409,0.7987950751063251,0.9411224097366753,0.9245317165867342,0.4828281793979111
44_Wilt,5,6,shell_box_mix,0.4948255853641887,0.7858859987218351,0.667545640666003,0.667545640666003,0.8723489390100443,0.7719840116279069,0.831665403583386,0.8602975692245045,0.443132637040071
44_Wilt,5,2,normals_only,0.5564919107106286,0.9009993086032936,0.8287513573432267,0.8525387973939008,0.9719892430549271,0.8287513573432267,0.9507178366211201,0.9377608644014116,0.48021707966414084
44_Wilt,5,2,uniform_shell,0.5564919107106286,0.9029526103406931,0.8254421262781647,0.8254421262781647,0.9615087152746357,0.8920021378155822,0.9328574619943896,0.9423461394896389,0.5637859239538535
44_Wilt,5,2,disagreement_shell,0.5564919107106286,0.9094963125509002,0.8321411806623834,0.8321411806623834,0.9598820242511988,0.8854833555786805,0.9604786897113383,0.9554515711247851,0.5849477780053246
44_Wilt,5,2,shell_box_mix,0.5564919107106286,0.8269783277531444,0.7172922699303229,0.7172922699303229,0.8732184870147498,0.8323723531807076,0.8850302008867974,0.8858248122341869,0.5508259949484606
44_Wilt,5,5,normals_only,0.5370878558263362,0.883018575807619,0.7478685469640756,0.8640132963080263,0.9780965806261875,0.7478685469640756,0.942095879332187,0.9273948624558862,0.42537374564816705
44_Wilt,5,5,uniform_shell,0.5370878558263362,0.883103056284499,0.7847797993394262,0.8683525529363857,0.9417120057008413,0.7847797993394262,0.9375678671613427,0.9171921658673422,0.5031913441190525
44_Wilt,5,5,disagreement_shell,0.5370878558263362,0.9062819894692787,0.8194351755497239,0.9045646321599854,0.9612520925708079,0.8194351755497239,0.9398760575965975,0.9386367749524929,0.551314082872551
44_Wilt,5,5,shell_box_mix,0.5370878558263362,0.8607088371527463,0.7454239152565377,0.7454239152565377,0.9644043808252645,0.8233021898470725,0.90970486268211,0.9163975545199529,0.5041845859785652
44_Wilt,5,8,normals_only,0.5053826199740596,0.8693654349719481,0.7725085682291194,0.7985886458239072,0.9578848916387657,0.7725085682291194,0.9484796341960001,0.9002981913401501,0.4073110792545567
44_Wilt,5,8,uniform_shell,0.5053826199740596,0.9023456941113925,0.825526253280246,0.825526253280246,0.9733197221970861,0.8607811227490724,0.9497556782191656,0.9481155551533796,0.4919038842241791
44_Wilt,5,8,disagreement_shell,0.5053826199740596,0.8997852994072932,0.8079896615690886,0.8079896615690886,0.9635157451814313,0.8677078149036286,0.9599279759750248,0.9426776988507826,0.5164243293057547
44_Wilt,5,8,shell_box_mix,0.5053826199740596,0.7365050391367296,0.4726912440050673,0.4726912440050673,0.8598514840285946,0.7762695400868699,0.8372078884263866,0.7884983542213374,0.5150931804218719
44_Wilt,5,3,normals_only,0.5433067103556557,0.8757642125147045,0.7870823341779023,0.7870823341779023,0.973545946068229,0.7942599934395077,0.9481685763731788,0.9108006345579585,0.4262543518328896
44_Wilt,5,3,uniform_shell,0.5433067103556557,0.8764960820853316,0.798579455479142,0.798579455479142,0.9480109266129761,0.8055697730974571,0.9538241731517509,0.8971451961360961,0.5266434568912554
44_Wilt,5,3,disagreement_shell,0.5433067103556557,0.8865298177201156,0.7983376787168581,0.7983376787168581,0.9668108372545471,0.8258860906252826,0.955084664283775,0.9330985318070762,0.5560720868318657
44_Wilt,5,3,shell_box_mix,0.5433067103556557,0.8289098907904261,0.6677916591258708,0.6677916591258708,0.9256974764727173,0.793697968509637,0.9284524590534792,0.8518424520405392,0.46340023209775405
5_campaign,62,1,normals_only,0.786465460631838,0.7665023435230004,0.48288198302238966,0.7888417675544892,0.48288198302238966,0.8349119633150704,0.9593736602000522,0.7852656596990633,0.761578207968359
5_campaign,62,1,uniform_shell,0.786465460631838,0.5658411060454156,0.23574033173347225,0.7191502792624015,0.23574033173347225,0.6503035456008748,0.658170267584914,0.37359462799852455,0.6245837311726101
5_campaign,62,1,disagreement_shell,0.786465460631838,0.562267856066533,0.07212049610989155,0.6750883291798065,0.07212049610989155,0.7154530603135447,0.7864095386628889,0.27289823959569154,0.5914193144207145
5_campaign,62,1,shell_box_mix,0.786465460631838,0.5646152185033435,0.2144779042928528,0.7302959087176011,0.2144779042928528,0.6001715769179724,0.713515484084948,0.3326020748586593,0.6153403601499021
5_campaign,62,0,normals_only,0.7805387954621791,0.7195310755269227,0.3562290590734921,0.8027658036198633,0.3562290590734921,0.7649389636215594,0.9541904757927764,0.7265684311850866,0.749121349156329
5_campaign,62,0,uniform_shell,0.7805387954621791,0.5406677632822775,0.199247286961695,0.6486816777808935,0.199247286961695,0.6969081930730356,0.617833895313486,0.3248312397891774,0.5935317938054065
5_campaign,62,0,disagreement_shell,0.7805387954621791,0.5999651810458704,0.1408865582089558,0.761081771162864,0.1408865582089558,0.7553488865865235,0.742543508225138,0.22709045154455995,0.6029239771599371
5_campaign,62,0,shell_box_mix,0.7805387954621791,0.5473954024636506,0.29095337516140574,0.6901974947067417,0.29095337516140574,0.6006894888497072,0.6077412511367478,0.4613262329108738,0.6517304593298184
5_campaign,62,7,normals_only,0.7895908969970524,0.7562496223415219,0.4907983557604777,0.7658607646284282,0.4907983557604777,0.8145714609839779,0.9537679079932037,0.7883228885099102,0.7800201577141821
5_campaign,62,7,uniform_shell,0.7895908969970524,0.610381633378762,0.18923285292584435,0.7092213674974429,0.18923285292584435,0.7767997604722272,0.7662725526195334,0.31644687979104036,0.6405135145845048
5_campaign,62,7,disagreement_shell,0.7895908969970524,0.6242350914053579,0.19276482523224595,0.7254175672607475,0.19276482523224595,0.7845052222690853,0.7942527508593532,0.3356343371186839,0.6107443730115898
5_campaign,62,7,shell_box_mix,0.7895908969970524,0.549791071164791,0.19168602270451254,0.5989266038205481,0.19168602270451254,0.6581107440412282,0.750440914092875,0.31630482988168573,0.5859166075411457
5_campaign,62,4,normals_only,0.7893097362750167,0.730080904112434,0.43600747457024397,0.771516977493094,0.43600747457024397,0.7695870130591387,0.9432121513272593,0.7713509838829816,0.7634959977054265
5_campaign,62,4,uniform_shell,0.7893097362750167,0.5862419219040372,0.1968190376749461,0.7010128320018759,0.1968190376749461,0.7245442003366211,0.7225916176027057,0.322717321146643,0.6219596666452808
5_campaign,62,4,disagreement_shell,0.7893097362750167,0.49986720293511305,0.04854206788979481,0.6201214227185472,0.04854206788979481,0.6296002597939221,0.7012050613381882,0.15721165652217295,0.5780737093968065
5_campaign,62,4,shell_box_mix,0.7893097362750167,0.573801602379293,0.2040342788115118,0.7536054496428946,0.2040342788115118,0.706161591591732,0.6314050894710337,0.32535039751985745,0.6589405099764882
5_campaign,62,2,normals_only,0.7657271448411724,0.7036189473996352,0.3484106091873903,0.7594609427699652,0.3484106091873903,0.7771054468117982,0.9294987908293869,0.7548092522744527,0.756755287331162
5_campaign,62,2,uniform_shell,0.7657271448411724,0.4807303346987196,0.11490707006313335,0.6168531902099411,0.11490707006313335,0.6001338778959128,0.5910272006258913,0.23121297070936603,0.5793182701633751
5_campaign,62,2,disagreement_shell,0.7657271448411724,0.616313066716484,0.14071879967121606,0.7745219186651131,0.14071879967121606,0.7566537588167845,0.7933577897128222,0.29222392438854383,0.5586019141572915
5_campaign,62,2,shell_box_mix,0.7657271448411724,0.5328908418848511,0.2458144141655229,0.5795086350083253,0.2458144141655229,0.6470532000551402,0.6591871183104162,0.3557493266568866,0.6256802108139319
5_campaign,62,5,normals_only,0.7629754493854091,0.7792793497323666,0.4945620602341613,0.8218026598194157,0.4945620602341613,0.8414838279537629,0.9592688509221262,0.8175310780659933,0.750739179086171
5_campaign,62,5,uniform_shell,0.7629754493854091,0.47357700850898604,0.13966293088874485,0.5552268733549518,0.13966293088874485,0.6534635906034884,0.5459546391887591,0.26761843651574213,0.6056476744800413
5_campaign,62,5,disagreement_shell,0.7629754493854091,0.5281408425993868,0.09662326457630657,0.6604366868291197,0.09662326457630657,0.7230478497334254,0.6324555692586953,0.22306627481873706,0.5696483462465987
5_campaign,62,5,shell_box_mix,0.7629754493854091,0.5584048531087062,0.24164627997401228,0.6515888526253691,0.24164627997401228,0.6382838527465433,0.7021004270889003,0.3642780891795882,0.6137701529967204
5_campaign,62,8,normals_only,0.7784136496926102,0.7485840691912871,0.42038079600873957,0.8000637602446791,0.42038079600873957,0.8280980147514571,0.9457937057602728,0.7763159203188,0.7713646767783887
5_campaign,62,8,uniform_shell,0.7784136496926102,0.6013519538824318,0.1350877864996561,0.7032693038704732,0.1350877864996561,0.7731069574968371,0.7939437676627606,0.2897494757836211,0.596440297690708
5_campaign,62,8,disagreement_shell,0.7784136496926102,0.615181817058818,0.20625357074900677,0.7225953209244269,0.20625357074900677,0.7908907263888648,0.7409876501729737,0.3622011538643766,0.613329141082299
5_campaign,62,8,shell_box_mix,0.7784136496926102,0.638573161827276,0.24521674134203092,0.7606060684033381,0.24521674134203092,0.7442973568146669,0.8041724807490681,0.37361685597791183,0.6210429694723613
5_campaign,62,6,normals_only,0.79232605774928,0.7540833475508819,0.47866870771959946,0.792040447580067,0.47866870771959946,0.8146474417463193,0.9309767931575416,0.7835712681457487,0.7757532371222728
5_campaign,62,6,uniform_shell,0.79232605774928,0.5874049606605927,0.14241783374928207,0.7426389557694406,0.14241783374928207,0.7299302402399797,0.7346328128836683,0.2824124138284204,0.5963825559585316
5_campaign,62,6,disagreement_shell,0.79232605774928,0.5369542608714775,0.19357775636314722,0.6259697112092917,0.19357775636314722,0.7381761199133207,0.5900934560001503,0.332264419379363,0.6381067363467221
5_campaign,62,6,shell_box_mix,0.79232605774928,0.6114072948686987,0.27379169070145487,0.6740420005320575,0.27379169070145487,0.7350452025333127,0.7627502857079698,0.424953384669901,0.6359720613043593
5_campaign,62,9,normals_only,0.7890987477969453,0.764054636083265,0.5321305339182795,0.765352629773904,0.5321305339182795,0.8043665200056455,0.9543688606352305,0.8050466121125959,0.7636139578372135
5_campaign,62,9,uniform_shell,0.7890987477969453,0.5100567824769688,0.21069615711590875,0.5791581427907505,0.21069615711590875,0.5965624765922631,0.6538103534089532,0.3135315867723946,0.6085129664154462
5_campaign,62,9,disagreement_shell,0.7890987477969453,0.5304387802779739,0.15353140049857023,0.5520876137707831,0.15353140049857023,0.7234754387791019,0.6926606680634403,0.25919962106541533,0.6320443969762958
5_campaign,62,9,shell_box_mix,0.7890987477969453,0.5903548388970588,0.2074467778021963,0.6257337677482105,0.2074467778021963,0.7763118231526228,0.751926986885205,0.30549889043444284,0.6073128913134546
5_campaign,62,3,normals_only,0.7886768651900382,0.687445437755575,0.4407737026779392,0.7891320388288547,0.4407737026779392,0.6706021379869471,0.8492738715285589,0.7168738329278888,0.7609550784419543
5_campaign,62,3,uniform_shell,0.7886768651900382,0.5573136109136357,0.07895459201524506,0.6783808669603618,0.07895459201524506,0.6922844999598166,0.7796344847191198,0.27296312468714556,0.6246225794703612
5_campaign,62,3,disagreement_shell,0.7886768651900382,0.597218582500904,0.16969361189686644,0.7032367249847786,0.16969361189686644,0.722516906944128,0.7934270861778427,0.3604841279544856,0.6154061451544119
5_campaign,62,3,shell_box_mix,0.7886768651900382,0.5111571654351093,0.13910787630962426,0.5535074553092787,0.13910787630962426,0.6219426944078289,0.7300706357137055,0.2946289778719866,0.5952516152589132
