dataset,d,seed,sampler,score_fid,attr_cosine,attr_top1,attr_top3_jac,attr_rank,decision_f1
29_Pima,8,7,normals_only,0.4033348150023035,0.8538853316634483,0.19776119402985073,0.3302238805970149,0.1806765342821824,0.3564356435643564
29_Pima,8,7,uniform_shell,0.7351305790915104,0.9223904134746855,0.3694029850746269,0.4309701492537314,0.3846837242359631,0.502283105022831
29_Pima,8,7,disagreement_shell,0.7672381170875916,0.9222893913781731,0.34328358208955223,0.4485074626865672,0.3884150675195452,0.44554455445544555
29_Pima,8,7,shell_box_mix,0.7084362241256023,0.9217808475063254,0.34701492537313433,0.45074626865671646,0.3773098791755508,0.5023696682464455
29_Pima,8,0,normals_only,0.4000481282655682,0.8435542431241425,0.208955223880597,0.3522388059701493,0.1856091650534856,0.33879781420765026
29_Pima,8,0,uniform_shell,0.7429077826273169,0.9217875220066005,0.34701492537313433,0.4466417910447762,0.3831734186211799,0.4656084656084656
29_Pima,8,0,disagreement_shell,0.6829581676846127,0.9190045034978541,0.3656716417910448,0.4197761194029851,0.3446162046908316,0.4583333333333333
29_Pima,8,0,shell_box_mix,0.6611146680864088,0.9198804167712543,0.332089552238806,0.39999999999999997,0.2919331911869225,0.44329896907216493
29_Pima,8,4,normals_only,0.15978895880232935,0.8468231025350572,0.23880597014925373,0.3361940298507463,0.19978142140247038,0.24
29_Pima,8,4,uniform_shell,0.6742271267612482,0.9221505385051046,0.4141791044776119,0.4533582089552239,0.3937455579246625,0.4978540772532189
29_Pima,8,4,disagreement_shell,0.7029020970083794,0.9193777172288456,0.40671641791044777,0.46641791044776126,0.3964108031272211,0.4636363636363636
29_Pima,8,4,shell_box_mix,0.6919292265126893,0.9198331953815505,0.41044776119402987,0.42798507462686575,0.37206823027718555,0.5043478260869565
29_Pima,8,2,normals_only,0.16494217438765818,0.8403859337463243,0.30223880597014924,0.3761194029850746,0.2468317608317623,0.3076923076923077
29_Pima,8,2,uniform_shell,0.7349260963051581,0.9274587256607241,0.40298507462686567,0.4727611940298508,0.4387882018479034,0.4816326530612245
29_Pima,8,2,disagreement_shell,0.7869993834345252,0.9251446278885236,0.417910447761194,0.4716417910447762,0.4388770433546553,0.5061224489795918
29_Pima,8,2,shell_box_mix,0.7715771420662859,0.9289189623925449,0.4141791044776119,0.5033582089552239,0.45273631840796025,0.44635193133047213
29_Pima,8,1,normals_only,0.3332090643229282,0.8497319583437871,0.27238805970149255,0.3485074626865672,0.20324344679482192,0.22950819672131148
29_Pima,8,1,uniform_shell,0.7325190596036151,0.9242338448671028,0.3582089552238806,0.43246268656716425,0.37606609808102354,0.5118483412322274
29_Pima,8,1,disagreement_shell,0.7259350879369493,0.9229912030192485,0.3283582089552239,0.42761194029850746,0.34026297085998586,0.5116279069767442
29_Pima,8,1,shell_box_mix,0.6998747542933591,0.919752980091293,0.30597014925373134,0.39552238805970147,0.3049040511727079,0.43564356435643564
29_Pima,8,3,normals_only,0.27394022743722596,0.8210210720548297,0.20149253731343283,0.3384328358208955,0.154670843254254,0.3487179487179487
29_Pima,8,3,uniform_shell,0.735931677812433,0.9205613168222438,0.35447761194029853,0.44888059701492544,0.41337953091684443,0.504950495049505
29_Pima,8,3,disagreement_shell,0.7020049911255717,0.9152996953191093,0.3208955223880597,0.4238805970149254,0.3620291400142147,0.579185520361991
29_Pima,8,3,shell_box_mix,0.6783217698733266,0.9203506484280647,0.3246268656716418,0.4626865671641791,0.39658848614072495,0.5320197044334976
29_Pima,8,8,normals_only,0.22874641453772862,0.8511703894004178,0.1828358208955224,0.3380597014925373,0.20180994814734785,0.26666666666666666
29_Pima,8,8,uniform_shell,0.6926143685315953,0.9251820243226881,0.3358208955223881,0.42723880597014924,0.36620469083155655,0.42786069651741293
29_Pima,8,8,disagreement_shell,0.7020972577486818,0.920022614845769,0.30597014925373134,0.4074626865671642,0.29424307036247344,0.4365482233502538
29_Pima,8,8,shell_box_mix,0.6359395952861729,0.9218329910601818,0.35074626865671643,0.4026119402985075,0.3007285003553661,0.4630541871921182
29_Pima,8,9,normals_only,0.4588974013853709,0.8669112338119986,0.2462686567164179,0.36753731343283585,0.21365617751592908,0.3815028901734104
29_Pima,8,9,uniform_shell,0.6585823233359122,0.924816402747275,0.35074626865671643,0.42649253731343284,0.33359985785358925,0.48677248677248675
29_Pima,8,9,disagreement_shell,0.6721822988977255,0.9225537847457935,0.332089552238806,0.4037313432835822,0.35110163468372424,0.54
29_Pima,8,9,shell_box_mix,0.6507222045239323,0.9203736980517045,0.31716417910447764,0.4115671641791045,0.3141435678749112,0.4777777777777778
29_Pima,8,6,normals_only,0.30807825456486,0.8356697939507565,0.2835820895522388,0.36119402985074633,0.21092288520527788,0.22857142857142856
29_Pima,8,6,uniform_shell,0.7485915312955292,0.920467540259133,0.376865671641791,0.4358208955223881,0.3645167022032694,0.5614035087719298
29_Pima,8,6,disagreement_shell,0.5968740317459524,0.9139560984393543,0.373134328358209,0.4324626865671642,0.3503020611229567,0.4858757062146893
29_Pima,8,6,shell_box_mix,0.5695799437298282,0.9179994773996647,0.3880597014925373,0.41268656716417906,0.34692608386638246,0.45714285714285713
29_Pima,8,5,normals_only,0.22896024867101775,0.8400203439290582,0.23507462686567165,0.36902985074626865,0.22759752395759295,0.2875816993464052
29_Pima,8,5,uniform_shell,0.6704167645960497,0.9287108181071274,0.3917910447761194,0.4701492537313433,0.4597547974413647,0.5851063829787234
29_Pima,8,5,disagreement_shell,0.6824918471840288,0.9230722985817893,0.3582089552238806,0.44776119402985076,0.40111940298507465,0.4880952380952381
29_Pima,8,5,shell_box_mix,0.6572980716899193,0.9242815991482107,0.40671641791044777,0.45410447761194034,0.4073383084577115,0.5202312138728323
40_vowels,12,1,normals_only,0.1462465779741607,0.8346925861207961,0.08,0.16799999999999998,0.014118764665455768,0.3652173913043478
40_vowels,12,1,uniform_shell,0.5649584554056001,0.9479503811796721,0.18,0.336,0.3751048951048952,0.6493506493506493
40_vowels,12,1,disagreement_shell,0.41155564093943614,0.9458483554439272,0.22,0.366,0.4465734265734266,0.5555555555555556
40_vowels,12,1,shell_box_mix,0.47264780750204116,0.9462314248152155,0.26,0.37,0.36391608391608393,0.4732824427480916
40_vowels,12,0,normals_only,0.3133855242303443,0.8786019910483382,0.08,0.204,0.15077315323015125,0.3076923076923077
40_vowels,12,0,uniform_shell,0.6628404015176984,0.9478362285618336,0.46,0.39,0.3218181818181819,0.6415094339622641
40_vowels,12,0,disagreement_shell,0.45314826377215306,0.9474911584038549,0.4,0.32599999999999996,0.28699300699300706,0.5432098765432098
40_vowels,12,0,shell_box_mix,0.680803035396955,0.9525362832942662,0.32,0.322,0.3920279720279721,0.5419354838709678
12_fault,27,8,normals_only,0.3811398223867746,0.8698788459531569,0.07429420505200594,0.11396731054977711,0.10943200858725814,0.3515981735159817
12_fault,27,8,uniform_shell,0.6895412797373657,0.9058382637163538,0.12035661218424963,0.13462109955423476,0.08405132922220589,0.5208333333333334
12_fault,27,8,disagreement_shell,0.6327223535169598,0.9036860744314226,0.09658246656760773,0.11991084695393757,0.0745273382717662,0.5432595573440644
12_fault,27,8,shell_box_mix,0.5113768709762555,0.9000275722213968,0.08320950965824665,0.09762258543833581,0.06076119695819484,0.44680851063829785
12_fault,27,1,normals_only,0.39512860393031773,0.8692426541106999,0.08766716196136701,0.13833580980683505,0.22874691386775475,0.31607629427792916
12_fault,27,1,uniform_shell,0.49557892003499615,0.8960145582642505,0.09955423476968796,0.11872213967310548,0.1769644421947542,0.47804878048780486
12_fault,27,1,disagreement_shell,0.5977110912839261,0.8886766294750092,0.0713224368499257,0.11069836552748885,0.11131884460264846,0.4834123222748815
12_fault,27,1,shell_box_mix,0.5749422322400947,0.8881621351700906,0.0950965824665676,0.11916790490341751,0.13766554555706773,0.5562632696390658
12_fault,27,0,normals_only,0.18960367710648793,0.8686878317411321,0.07280832095096583,0.1488855869242199,0.193494899996944,0.16172506738544473
12_fault,27,0,uniform_shell,0.6018431356122769,0.8973417586782523,0.0475482912332838,0.12956909361069838,0.1307142585002912,0.5473684210526316
12_fault,27,0,disagreement_shell,0.612232435357113,0.8954983772123098,0.07280832095096583,0.13254086181277858,0.10456705256110901,0.519650655021834
12_fault,27,0,shell_box_mix,0.37748187996147664,0.8972626377678088,0.08172362555720654,0.13595839524517087,0.09814226828535061,0.386046511627907
20_letter,32,2,normals_only,0.039531953195319526,0.8624378428390255,0.06,0.07400000000000001,0.033418538546182895,0.25
20_letter,32,2,uniform_shell,0.4986378637863786,0.9168938359747034,0.05,0.06000000000000001,0.05360337243401759,0.40875912408759124
20_letter,32,2,disagreement_shell,0.568148814881488,0.9149251339103176,0.01,0.076,0.006249999999999998,0.3898916967509025
20_letter,32,2,shell_box_mix,0.5287248724872486,0.9089910153652714,0.04,0.078,0.03166534149886798,0.46853146853146854
20_letter,32,3,normals_only,-0.19638763876387635,0.8724756541009959,0.02,0.05600000000000001,0.03153468029759856,0.17054263565891473
20_letter,32,3,uniform_shell,0.4332433243324332,0.9233047702892605,0.04,0.07200000000000001,0.007760263929618771,0.35986159169550175
20_letter,32,3,disagreement_shell,0.2978217821782178,0.9120584695332319,0.04,0.06,0.0037768226515563757,0.34385964912280703
20_letter,32,3,shell_box_mix,0.42436243624362435,0.9173395311004623,0.08,0.09399999999999999,0.02172287390029325,0.34507042253521125
12_fault,27,3,normals_only,0.1835253860054787,0.8674762636843742,0.05794947994056464,0.12719167904903417,0.15747996201904965,0.2956521739130435
12_fault,27,3,uniform_shell,0.6171283652062508,0.9022835758762215,0.05794947994056464,0.10460624071322436,0.11773953304413927,0.41649484536082476
12_fault,27,3,disagreement_shell,0.667183101674407,0.8976126379136808,0.0549777117384844,0.10326894502228826,0.09458858790210943,0.43243243243243246
12_fault,27,3,shell_box_mix,0.3572554479792543,0.8958882429244912,0.09063893016344725,0.11144130757800892,0.08933580825762515,0.375
20_letter,32,6,normals_only,-0.024758475847584758,0.8704911941437646,0.02,0.07400000000000001,0.03974446321598904,0.19636363636363635
20_letter,32,6,uniform_shell,0.3119471947194719,0.9175128149640759,0.06,0.087,0.059244868035190607,0.39215686274509803
20_letter,32,6,disagreement_shell,0.48274827482748267,0.9088298304241005,0.02,0.08699999999999998,0.03768328445747799,0.402555910543131
20_letter,32,6,shell_box_mix,0.3281848184818481,0.9090535184532484,0.03,0.067,0.048885630498533714,0.43450479233226835
20_letter,32,4,normals_only,0.1792139213921392,0.882612054285999,0.08,0.081,0.06640165831051681,0.1927710843373494
20_letter,32,4,uniform_shell,0.30891089108910885,0.9231839534039972,0.1,0.10499999999999998,0.04413123167155424,0.3727598566308244
20_letter,32,4,disagreement_shell,0.4545934593459346,0.9207243730246134,0.1,0.11,0.08043988269794722,0.3873239436619718
20_letter,32,4,shell_box_mix,0.42940294029402937,0.9152404589416478,0.11,0.107,0.053475073313782984,0.35766423357664234
12_fault,27,9,normals_only,0.3321638714744896,0.8645575038479207,0.10401188707280833,0.1540861812778603,0.1649410075186399,0.308
12_fault,27,9,uniform_shell,0.5694271708930485,0.8929139500314487,0.10401188707280833,0.12585438335809807,0.10309971132955384,0.3843137254901961
12_fault,27,9,disagreement_shell,0.6204955004607564,0.8899942148183024,0.0638930163447251,0.099851411589896,0.09928178966071274,0.39223300970873787
12_fault,27,9,shell_box_mix,0.508857867532708,0.8768606902493387,0.0713224368499257,0.13402674591381872,0.08054179112548014,0.46715328467153283
20_letter,32,0,normals_only,-0.19327932793279326,0.8718002992539678,0.05,0.079,0.048524445287447475,0.1951219512195122
20_letter,32,0,uniform_shell,0.4263426342634263,0.9274644755038772,0.11,0.09599999999999997,0.07388929618768328,0.45774647887323944
20_letter,32,0,disagreement_shell,0.5263486348634863,0.9258536973174079,0.07,0.08899999999999998,0.027895894428152487,0.35687732342007433
20_letter,32,0,shell_box_mix,0.5471827182718271,0.909195489537902,0.06,0.1,0.03494876662292428,0.41304347826086957
12_fault,27,2,normals_only,0.49474834609572776,0.8739875304063879,0.12035661218424963,0.16062407132243683,0.17600078322955853,0.4024144869215292
12_fault,27,2,uniform_shell,0.503863755324838,0.9008511784100873,0.1485884101040119,0.14056463595839525,0.13879772200723164,0.3137254901960784
12_fault,27,2,disagreement_shell,0.6157960927987847,0.8896791287743744,0.09361069836552749,0.11322436849925704,0.12015487905038286,0.40899795501022496
12_fault,27,2,shell_box_mix,0.37852854169829186,0.8833390689744187,0.13075780089153047,0.12005943536404162,0.1136807841304199,0.3438155136268344
12_fault,27,4,normals_only,0.4535503748723708,0.8747649087981861,0.08469539375928678,0.1274888558692422,0.18370780848804247,0.38929440389294406
12_fault,27,4,uniform_shell,0.5333278323917695,0.8945343584612413,0.04011887072808321,0.09687964338781575,0.10396290188266413,0.43781094527363185
12_fault,27,4,disagreement_shell,0.6823097592792171,0.8910195127932419,0.11738484398216939,0.12362555720653787,0.08209010735013705,0.5785876993166287
12_fault,27,4,shell_box_mix,0.4190299063307229,0.8825845985768076,0.04457652303120357,0.09390787518573551,0.04741247797518523,0.46403712296983757
20_letter,32,7,normals_only,0.018013801380138014,0.8686038905706023,0.04,0.06,0.0372200727956656,0.18775510204081633
20_letter,32,7,uniform_shell,0.4577737773777377,0.9177059701780523,0.05,0.081,0.02447273098347591,0.43416370106761565
20_letter,32,7,disagreement_shell,0.4019921992199219,0.9105634865272456,0.09,0.09699999999999999,0.041136363636363645,0.3516483516483517
20_letter,32,7,shell_box_mix,0.3426102610261026,0.9116161397463419,0.07,0.1,0.028104838709677414,0.3295880149812734
20_letter,32,1,normals_only,-0.02505850585058506,0.8835578498459219,0.01,0.053,0.033904769115172345,0.17117117117117117
20_letter,32,1,uniform_shell,0.402064206420642,0.9203754830422978,0.04,0.07100000000000001,-0.002272727272727274,0.3673469387755102
20_letter,32,1,disagreement_shell,0.4554455445544554,0.9060916949636817,0.09,0.09899999999999999,0.04445531530582791,0.4126984126984127
20_letter,32,1,shell_box_mix,0.4258985898589858,0.9143395771502715,0.04,0.083,-0.016370967741935482,0.4302788844621514
20_letter,32,8,normals_only,0.028154815481548152,0.8677278919475409,0.06,0.068,0.05876230921289252,0.20242914979757085
20_letter,32,8,uniform_shell,0.43840384038403835,0.9137743412305949,0.07,0.09799999999999999,0.061942815249266855,0.4172661870503597
20_letter,32,8,disagreement_shell,0.41686168616861685,0.9185523756286956,0.12,0.10099999999999998,0.04693548387096774,0.391304347826087
20_letter,32,8,shell_box_mix,0.4362556255625562,0.9156673355566605,0.06,0.07400000000000001,0.0719134897360704,0.3655913978494624
35_SpamBase,57,7,normals_only,0.4865950260258659,0.9045748602502409,0.06134603930911257,0.08260869565217391,0.1638527638274078,0.5774946921443737
35_SpamBase,57,7,uniform_shell,0.41551157227424595,0.8487153387085313,0.030970815961882073,0.0421083978558666,0.057401058423074414,0.4558139534883721
35_SpamBase,57,7,disagreement_shell,0.45003934024604775,0.8319091115717171,0.0410958904109589,0.050327575938058366,0.0476676102693291,0.5789197692711064
35_SpamBase,57,7,shell_box_mix,0.6022430861615531,0.8701302376865631,0.08040500297796307,0.0863013698630137,0.09121165730552723,0.5662778366914104
12_fault,27,7,normals_only,0.3225284972918361,0.8729426678852245,0.1277860326894502,0.14279346210995542,0.15024169641753993,0.3099273607748184
12_fault,27,7,uniform_shell,0.6215967254490563,0.89624272974747,0.05349182763744428,0.11025260029717683,0.07773677535936081,0.45089285714285715
12_fault,27,7,disagreement_shell,0.6561674661928298,0.8965566171072068,0.06983655274888559,0.11025260029717683,0.061968079798689,0.5211864406779662
12_fault,27,7,shell_box_mix,0.5656726601734561,0.8948672783398294,0.07578008915304606,0.11158989598811292,0.06888994026923531,0.448512585812357
35_SpamBase,57,5,normals_only,0.3796593941424637,0.8989490688136719,0.04169148302561048,0.06331149493746278,0.08530969934810133,0.4479564032697548
35_SpamBase,57,5,uniform_shell,0.5151700445817247,0.8226715388488228,0.019058963668850508,0.03335318642048839,0.011796782906601563,0.5180156657963446
35_SpamBase,57,5,disagreement_shell,0.42668724958210646,0.8149497993128642,0.02858844550327576,0.04377605717689101,0.03518971449229385,0.5509164969450102
35_SpamBase,57,5,shell_box_mix,0.5832245757353357,0.8436370384553831,0.0357355568790947,0.0589041095890411,0.027770386888253652,0.5446153846153846
20_letter,32,5,normals_only,-0.1522232223222322,0.8663698906043753,0.05,0.07600000000000001,0.024294065335805436,0.1947565543071161
20_letter,32,5,uniform_shell,0.4792439243924392,0.9208660493528947,0.1,0.14299999999999996,0.08186583577712608,0.3448275862068966
20_letter,32,5,disagreement_shell,0.3249444944494449,0.9062109118295403,0.09,0.12299999999999998,0.0866032524881568,0.2805755395683453
20_letter,32,5,shell_box_mix,0.32309630963096303,0.907030417163314,0.12,0.09499999999999996,0.03536483135677629,0.3493150684931507
12_fault,27,5,normals_only,0.41343823597401624,0.8598249511763577,0.07578008915304606,0.1301634472511144,0.12453320634370257,0.2982456140350877
12_fault,27,5,uniform_shell,0.6805236591927347,0.8906765456364016,0.029717682020802376,0.0823179791976226,0.0546974075948816,0.4375
12_fault,27,5,disagreement_shell,0.6086259461567,0.8918453000997432,0.05646359583952452,0.0838038632986627,0.03156208627093845,0.4186046511627907
12_fault,27,5,shell_box_mix,0.4678559854548386,0.8870355005729721,0.14413075780089152,0.10698365527488855,0.06247840348569344,0.3700440528634361
12_fault,27,6,normals_only,0.4351225224504553,0.8698669436760558,0.0950965824665676,0.14413075780089152,0.15540203209548958,0.3854389721627409
12_fault,27,6,uniform_shell,0.7356451014010393,0.8957048761165936,0.05794947994056464,0.11337295690936107,0.14589603891238362,0.5838264299802761
12_fault,27,6,disagreement_shell,0.5780280478733087,0.89044222982843,0.0638930163447251,0.0977711738484398,0.12274418663720299,0.5166666666666667
12_fault,27,6,shell_box_mix,0.5688899630072178,0.8985433673283156,0.13818722139673106,0.12095096582466566,0.15376224568596136,0.5593561368209256
20_letter,32,9,normals_only,0.020030003000300032,0.8737611984175792,0.06,0.08,0.06310550779853878,0.17959183673469387
20_letter,32,9,uniform_shell,0.4712871287128712,0.919092873444689,0.05,0.10499999999999998,0.03756964809384164,0.3383458646616541
20_letter,32,9,disagreement_shell,0.4563096309630963,0.9264509513275526,0.03,0.07900000000000001,0.014325513196480934,0.3218390804597701
20_letter,32,9,shell_box_mix,0.3388178817881788,0.9181073701004617,0.05,0.095,0.008786637404765285,0.37777777777777777
40_vowels,12,2,normals_only,0.02367801738629268,0.8429200972754579,0.12,0.17600000000000002,0.07857045767333684,0.32
40_vowels,12,2,uniform_shell,0.6830123433072377,0.9469675788783776,0.42,0.366,0.37958041958041966,0.6917293233082706
40_vowels,12,2,disagreement_shell,0.6329667162960472,0.9434517343056593,0.38,0.33399999999999996,0.3595804195804196,0.6814814814814815
40_vowels,12,2,shell_box_mix,0.5820565774938763,0.9463135747739176,0.44,0.37999999999999995,0.3960839160839161,0.6268656716417911
35_SpamBase,57,9,normals_only,0.5777872073466015,0.9061311417292152,0.044073853484216795,0.06235854675402024,0.11657792728636465,0.620162932790224
35_SpamBase,57,9,uniform_shell,0.5065298102737085,0.9202728950688215,0.06551518761167362,0.08898153662894578,0.1547085016560625,0.4371395617070358
35_SpamBase,57,9,disagreement_shell,0.5357134301411681,0.9209721487335639,0.07266229898749256,0.07605717689100655,0.1283287056646772,0.5381310418904404
35_SpamBase,57,9,shell_box_mix,0.6311287854180104,0.9186242372129114,0.10839785586658725,0.07730792138177488,0.09307197653601904,0.5628997867803838
35_SpamBase,57,0,normals_only,0.5199571737928431,0.910217261311122,0.07206670637284097,0.06873138773079214,0.1213103838166616,0.4888143176733781
35_SpamBase,57,0,uniform_shell,0.5860613682485347,0.9231737864015044,0.06730196545562835,0.06521739130434782,0.08894759930278927,0.6777020447906524
35_SpamBase,57,0,disagreement_shell,0.5599011968326246,0.9222414927112411,0.06075044669446099,0.07099463966646813,0.09142626419526577,0.5770666666666666
35_SpamBase,57,0,shell_box_mix,0.6874177181146252,0.9240496686417939,0.07206670637284097,0.07724836212030971,0.07610009934392571,0.7532710280373832
40_vowels,12,4,normals_only,0.2436482397579367,0.8878772778530895,0.04,0.22799999999999998,0.14406084713209466,0.39655172413793105
40_vowels,12,4,uniform_shell,0.6035733154027184,0.9471858897348194,0.38,0.456,0.36125874125874136,0.6618705035971223
40_vowels,12,4,disagreement_shell,0.4872484510830411,0.9419839828304859,0.38,0.458,0.36251748251748256,0.6619718309859155
40_vowels,12,4,shell_box_mix,0.6097209548052447,0.9485337711265341,0.36,0.44,0.4451748251748252,0.6277372262773723
40_vowels,12,7,normals_only,0.449882330339561,0.8790798306015682,0.1,0.212,0.08153846153846155,0.4666666666666667
40_vowels,12,7,uniform_shell,0.6717736900244944,0.9539062948894274,0.4,0.41,0.3734265734265735,0.6811594202898551
40_vowels,12,7,disagreement_shell,0.7213390327073628,0.9489343252356758,0.32,0.376,0.32027972027972035,0.7050359712230215
40_vowels,12,7,shell_box_mix,0.5672638201815475,0.9443054740386552,0.36,0.33799999999999997,0.2616783216783217,0.6277372262773723
40_vowels,12,6,normals_only,0.43230392392296235,0.8798317413805306,0.08,0.20799999999999996,0.07464757249470323,0.5733333333333334
40_vowels,12,6,uniform_shell,0.6256663945055472,0.9531764627110155,0.32,0.384,0.3893706293706294,0.620253164556962
40_vowels,12,6,disagreement_shell,0.6166370491330867,0.9490304363057992,0.16,0.37799999999999995,0.3176223776223777,0.6052631578947368
40_vowels,12,6,shell_box_mix,0.6496806109216656,0.9537715040221978,0.24,0.348,0.3633566433566434,0.4722222222222222
40_vowels,12,8,normals_only,0.2107967917006868,0.8918415021488804,0.04,0.27599999999999997,0.17932251798956944,0.425531914893617
40_vowels,12,8,uniform_shell,0.7308486624081455,0.9447019684790778,0.4,0.42199999999999993,0.3653146853146854,0.6455696202531646
40_vowels,12,8,disagreement_shell,0.4881129628740214,0.9410126007911095,0.46,0.414,0.3518881118881119,0.5987261146496815
40_vowels,12,8,shell_box_mix,0.5149128283944094,0.945913195580645,0.3,0.42800000000000005,0.38713286713286715,0.5620915032679739
40_vowels,12,5,normals_only,0.48417463138177796,0.8554687700373422,0.14,0.16399999999999998,-0.038668264248734555,0.38235294117647056
40_vowels,12,5,uniform_shell,0.718169156140435,0.9451495914730899,0.38,0.38799999999999996,0.36251748251748256,0.5641025641025641
40_vowels,12,5,disagreement_shell,0.6798424667403102,0.9443831273620721,0.28,0.384,0.335944055944056,0.6114649681528662
40_vowels,12,5,shell_box_mix,0.5835934873445079,0.9428942289155835,0.44,0.38199999999999995,0.3434965034965035,0.5408805031446541
35_SpamBase,57,2,normals_only,0.45557842255070014,0.9111399454706197,0.048838594401429423,0.06771888028588445,0.12559448360675451,0.42665173572228443
35_SpamBase,57,2,uniform_shell,0.5932302553138108,0.9272703137705672,0.06015485407980941,0.0692078618225134,0.12317293819873461,0.5248152059134108
35_SpamBase,57,2,disagreement_shell,0.5223762157649602,0.9249600192973865,0.047647409172126266,0.0673615247170935,0.09516438013072187,0.43340857787810383
35_SpamBase,57,2,shell_box_mix,0.7379944328874214,0.9282786723871669,0.08100059559261465,0.09737939249553305,0.1207184146355227,0.6347009391992091
28_pendigits,16,1,normals_only,0.29025619952268805,0.8951774563554462,0.08974358974358974,0.1326923076923077,-0.05007541478129714,0.4972972972972973
28_pendigits,16,1,uniform_shell,0.5022395726320115,0.9285546069517648,0.15384615384615385,0.19230769230769232,0.06602564102564101,0.4888888888888889
28_pendigits,16,1,disagreement_shell,-0.1906023296612982,0.9285304755318636,0.14743589743589744,0.19807692307692307,-0.016911764705882352,0.6289592760180995
28_pendigits,16,1,shell_box_mix,0.5228777797095036,0.9248770661375195,0.03205128205128205,0.14743589743589744,0.00018853695324283636,0.5816326530612245
40_vowels,12,3,normals_only,0.0459632102204505,0.8310409599211842,0.1,0.23399999999999999,0.08305182774405795,0.27350427350427353
40_vowels,12,3,uniform_shell,0.5299937563037318,0.9449442194447697,0.34,0.408,0.34461538461538466,0.6293706293706294
40_vowels,12,3,disagreement_shell,0.37447769079294946,0.9376311225015209,0.2,0.342,0.26671328671328676,0.5481481481481482
40_vowels,12,3,shell_box_mix,0.49224340809759376,0.945342010617213,0.2,0.354,0.3510489510489511,0.5693430656934306
35_SpamBase,57,3,normals_only,0.466027668030286,0.9073800621491352,0.09708159618820726,0.0908278737343657,0.11719658576820746,0.4836676217765043
35_SpamBase,57,3,uniform_shell,0.5976853930328138,0.9193608847802166,0.09291244788564622,0.09684335914234664,0.1138773233632437,0.5662847790507365
35_SpamBase,57,3,disagreement_shell,0.4439977651941217,0.9167356506748809,0.048243001786777845,0.06682549136390709,0.08734715641528586,0.4464075382803298
35_SpamBase,57,3,shell_box_mix,0.661057134297971,0.9217411959554503,0.14770696843359143,0.12013103037522334,0.08773508405140698,0.6770310932798396
26_optdigits,64,1,normals_only,0.43810771744483534,0.8796262255320464,0.006666666666666667,0.05,0.1357506105006105,0.4909090909090909
26_optdigits,64,1,uniform_shell,0.30576954874451723,0.8736449023520163,0.013333333333333334,0.03466666666666667,0.07277899877899877,0.28888888888888886
26_optdigits,64,1,disagreement_shell,0.4639089843951405,0.8545292410616294,0.006666666666666667,0.02866666666666667,0.035988095238095236,0.41414141414141414
26_optdigits,64,1,shell_box_mix,0.20962996019222938,0.8627750420185837,0.0,0.017333333333333333,0.0207045177045177,0.3793103448275862
28_pendigits,16,6,normals_only,0.3172575113401084,0.8920643838017609,0.12179487179487179,0.18589743589743588,0.0562028657616893,0.23699421965317918
28_pendigits,16,6,uniform_shell,0.24910938660681825,0.9363417569799524,0.17307692307692307,0.17692307692307693,0.0662707390648567,0.5720720720720721
28_pendigits,16,6,disagreement_shell,0.3174187226375433,0.930315748131292,0.038461538461538464,0.0846153846153846,-0.029355203619909506,0.5404157043879908
28_pendigits,16,6,shell_box_mix,0.3235447519400673,0.9360033273419557,0.08333333333333333,0.16794871794871793,0.09155354449472099,0.5024390243902439
38_thyroid,6,0,normals_only,0.2659872877562591,0.9066237971304982,0.24731182795698925,0.3935483870967743,0.10976712327122451,0.4423963133640553
38_thyroid,6,0,uniform_shell,0.2775954164304258,0.9246090188024152,0.11827956989247312,0.46559139784946246,0.22273425499231952,0.49523809523809526
38_thyroid,6,0,disagreement_shell,0.3813225508042135,0.9273711700462229,0.1827956989247312,0.3946236559139786,0.14285714285714288,0.5155555555555555
38_thyroid,6,0,shell_box_mix,0.5558622541851928,0.955687757282997,0.3655913978494624,0.4623655913978496,0.2964669738863287,0.6016260162601627
40_vowels,12,9,normals_only,-0.3039719513952259,0.7400116015267098,0.12,0.196,0.09442913339844287,0.18487394957983194
40_vowels,12,9,uniform_shell,0.7167283031554681,0.9527421190005164,0.34,0.37799999999999995,0.4520279720279721,0.620253164556962
40_vowels,12,9,disagreement_shell,0.5981941309255079,0.9503711395941261,0.26,0.29999999999999993,0.3693706293706295,0.7023809523809523
40_vowels,12,9,shell_box_mix,0.5110705537678305,0.9479784035936553,0.32,0.326,0.37006993006993016,0.5714285714285714
35_SpamBase,57,1,normals_only,0.5081572642127969,0.9179173274859351,0.05955926146515783,0.0715902322811197,0.10859322832092691,0.6051986267778323
35_SpamBase,57,1,uniform_shell,0.6165447028480802,0.9307356363867293,0.11137581893984515,0.09154258487194758,0.10372815960955563,0.6014742014742015
35_SpamBase,57,1,disagreement_shell,0.5046158123399528,0.928081199861097,0.07861822513400833,0.07718880285884455,0.09255941044753999,0.5909766980664353
35_SpamBase,57,1,shell_box_mix,0.6686170381066704,0.9287643155553668,0.16021441334127456,0.12364502680166765,0.08934479770554947,0.7414935925762263
35_SpamBase,57,6,normals_only,0.4507475103103034,0.9090883466280636,0.0821917808219178,0.08892197736748066,0.104626329270093,0.5604166666666667
35_SpamBase,57,6,uniform_shell,0.5266471609577071,0.9221768003296924,0.10303752233472305,0.08838594401429421,0.10027338837750005,0.5320614732379438
35_SpamBase,57,6,disagreement_shell,0.5178861632454757,0.9232978436168015,0.08457415128052412,0.08838594401429421,0.120623720814177,0.6953703703703704
35_SpamBase,57,6,shell_box_mix,0.6553683222613412,0.9244809082534157,0.1756998213222156,0.1221560452650387,0.07795644576493146,0.7072599531615925
35_SpamBase,57,4,normals_only,0.4051093363224179,0.9036118485681033,0.06075044669446099,0.08046456223942822,0.10792955089820161,0.5459373340414233
35_SpamBase,57,4,uniform_shell,0.5262886352118613,0.9166540310621764,0.0684931506849315,0.06926742108397857,0.09414339842298734,0.49272116461366183
35_SpamBase,57,4,disagreement_shell,0.48285963560009626,0.9157135486757378,0.02799285288862418,0.05390113162596784,0.06426669612995377,0.5857438016528925
35_SpamBase,57,4,shell_box_mix,0.5742532730973157,0.9148078461170582,0.10244192972007148,0.07933293627159023,0.032136982789263274,0.6071794871794872
38_thyroid,6,9,normals_only,0.3751305541463997,0.9134965524028582,0.13978494623655913,0.47204301075268823,0.12442396313364057,0.5102040816326531
38_thyroid,6,9,uniform_shell,0.45425382710154866,0.9213261718584451,0.24731182795698925,0.4430107526881721,0.2516622403798187,0.624390243902439
38_thyroid,6,9,disagreement_shell,0.40556832084987016,0.8872405351057455,0.21505376344086022,0.4311827956989248,0.18543603808408538,0.5560975609756098
38_thyroid,6,9,shell_box_mix,0.45298558682223744,0.9479786758513427,0.26881720430107525,0.5365591397849463,0.3081413210445469,0.6190476190476191
28_pendigits,16,3,normals_only,-0.3508084272415482,0.9277366832895211,0.14102564102564102,0.22115384615384615,0.24396681749622923,0.5543237250554324
28_pendigits,16,3,uniform_shell,-0.29125507736561773,0.9336805095191516,0.1346153846153846,0.21474358974358973,0.24949095022624435,0.6196581196581197
28_pendigits,16,3,disagreement_shell,0.07240599958906924,0.9226908153357523,0.03205128205128205,0.10384615384615382,0.03331447963800905,0.41192411924119243
28_pendigits,16,3,shell_box_mix,0.3153134927533941,0.9320809409584121,0.0641025641025641,0.15897435897435896,0.1824849170437406,0.4496124031007752
28_pendigits,16,5,normals_only,0.3830949408101657,0.9199252861869502,0.00641025641025641,0.08782051282051283,0.047058823529411764,0.5294117647058824
28_pendigits,16,5,uniform_shell,0.02300580044570182,0.9394490383386442,0.01282051282051282,0.10384615384615384,0.07398190045248869,0.6115702479338843
28_pendigits,16,5,disagreement_shell,0.16125239051066048,0.9310956535659216,0.0,0.09999999999999999,0.0968891402714932,0.4352078239608802
28_pendigits,16,5,shell_box_mix,0.34981271040445067,0.9386626361995658,0.07692307692307693,0.09358974358974358,0.0562971342383107,0.42
26_optdigits,64,3,normals_only,0.28330011574300423,0.8904487191010371,0.11333333333333333,0.07600000000000001,0.16782509157509157,0.5161290322580645
26_optdigits,64,3,uniform_shell,0.03972420806716294,0.8770599488711216,0.013333333333333334,0.029333333333333336,0.08925976800976801,0.32340425531914896
26_optdigits,64,3,disagreement_shell,0.35097154784488654,0.8810181659200812,0.03333333333333333,0.04933333333333333,0.0597002442002442,0.48221343873517786
26_optdigits,64,3,shell_box_mix,0.15264742120674968,0.8744191759944986,0.0,0.013333333333333334,0.019665750915750912,0.3900414937759336
38_thyroid,6,7,normals_only,0.11587240010742739,0.9073110971868812,0.23655913978494625,0.36021505376344104,0.022344965845308658,0.6130653266331658
38_thyroid,6,7,uniform_shell,0.45338843961684216,0.9176481175064993,0.26881720430107525,0.46021505376344096,0.25284178187403994,0.6122448979591837
38_thyroid,6,7,disagreement_shell,0.4476440571752558,0.9363886493159457,0.40860215053763443,0.5118279569892474,0.40522273425499244,0.7488584474885844
38_thyroid,6,7,shell_box_mix,0.6139178180299006,0.9302326920213938,0.1935483870967742,0.3838709677419356,0.07895545314900153,0.7142857142857143
35_SpamBase,57,8,normals_only,0.5386569570263713,0.9138167904709394,0.053007742703990474,0.07337701012507444,0.0992193691428592,0.587737843551797
35_SpamBase,57,8,uniform_shell,0.6623610541654619,0.9236448488356428,0.05360333531864205,0.07081596188207266,0.08251793268768079,0.6541391569324531
35_SpamBase,57,8,disagreement_shell,0.5624907040857642,0.9237687947928652,0.05955926146515783,0.08379988088147707,0.08377372116250632,0.5207033465683494
35_SpamBase,57,8,shell_box_mix,0.5946121635365686,0.924347958893543,0.06908874329958309,0.08850506253722452,0.09348569033207065,0.7022222222222222
38_thyroid,6,1,normals_only,-0.2224791859389454,0.9280212464271674,0.4731182795698925,0.46666666666666673,0.2792626728110599,0.4784688995215311
38_thyroid,6,1,uniform_shell,0.10436871475038045,0.9383673990745047,0.44086021505376344,0.48602150537634425,0.3677419354838711,0.5753424657534246
38_thyroid,6,1,disagreement_shell,0.14832443078392166,0.9213714590711791,0.3333333333333333,0.4752688172043012,0.34623655913978496,0.44776119402985076
38_thyroid,6,1,shell_box_mix,0.70606666467727,0.9352899168565894,0.40860215053763443,0.38817204301075275,0.14900153609831032,0.600896860986547
38_thyroid,6,6,normals_only,-0.22446360896422066,0.9153624374081367,0.40860215053763443,0.3935483870967743,0.26205837173579105,0.39520958083832336
38_thyroid,6,6,uniform_shell,0.45365700814657867,0.9104891987557415,0.1827956989247312,0.33440860215053764,0.015053763440860209,0.5060240963855421
38_thyroid,6,6,disagreement_shell,0.1951896392229417,0.9214976031237293,0.23655913978494625,0.47204301075268823,0.22150537634408599,0.4835164835164835
38_thyroid,6,6,shell_box_mix,0.6417594222792515,0.9388850566860498,0.3978494623655914,0.5752688172043011,0.5274961597542244,0.7052631578947368
47_yeast,8,3,normals_only,0.7666489721935883,0.9355164248833676,0.4812623274161736,0.5483234714003945,0.5842353343228257,0.42857142857142855
47_yeast,8,3,uniform_shell,0.7824841290705153,0.9253826296944264,0.4240631163708087,0.4919132149901381,0.5058232365924674,0.515625
47_yeast,8,3,disagreement_shell,0.807008024205671,0.9257296610858089,0.3747534516765286,0.45719921104536493,0.4644970414201184,0.4881889763779528
47_yeast,8,3,shell_box_mix,0.7633050390575185,0.9133235485255444,0.3096646942800789,0.41952662721893497,0.3566262797032029,0.4603174603174603
28_pendigits,16,7,normals_only,0.14800777607434684,0.926225670674977,0.0641025641025641,0.17820512820512818,0.1733974358974359,0.627906976744186
28_pendigits,16,7,uniform_shell,0.0036857328001770155,0.9403881953307189,0.08333333333333333,0.15576923076923074,0.15207390648567118,0.5223880597014925
28_pendigits,16,7,disagreement_shell,0.24577768645983147,0.9317072007504635,0.08974358974358974,0.1685897435897436,0.09232654600301661,0.5373134328358209
28_pendigits,16,7,shell_box_mix,-0.13442177300817118,0.940008423787557,0.36538461538461536,0.23397435897435898,0.14519230769230768,0.4675324675324675
27_PageBlocks,10,6,normals_only,0.27726714013645937,0.9120176578668904,0.1607843137254902,0.30686274509803924,0.26690256490544817,0.6564885496183206
27_PageBlocks,10,6,uniform_shell,0.578513882609857,0.9452858641234787,0.15490196078431373,0.2762745098039216,0.22718954248366008,0.7542372881355932
27_PageBlocks,10,6,disagreement_shell,0.5338298109565973,0.9450419989075934,0.23333333333333334,0.3121568627450981,0.23224648672820955,0.7079889807162535
27_PageBlocks,10,6,shell_box_mix,0.6671914291458705,0.952714296004949,0.2901960784313726,0.39784313725490195,0.394913844325609,0.7690288713910761
47_yeast,8,0,normals_only,0.7454398212198322,0.917230875416945,0.42998027613412226,0.5256410256410257,0.5076405189001566,0.2641509433962264
47_yeast,8,0,uniform_shell,0.8006809226110044,0.9124687646269455,0.32741617357001973,0.41775147928994083,0.3558279327510097,0.36129032258064514
47_yeast,8,0,disagreement_shell,0.775960807586187,0.9096622734188655,0.30177514792899407,0.3905325443786983,0.30853761622992393,0.43902439024390244
47_yeast,8,0,shell_box_mix,0.7439780705166955,0.9039439670413473,0.2465483234714004,0.31952662721893493,0.17225509533201844,0.3708609271523179
28_pendigits,16,9,normals_only,0.22724787027232063,0.9332250124776272,0.05128205128205128,0.11987179487179485,0.08853695324283559,0.5530864197530864
28_pendigits,16,9,uniform_shell,0.257144663431904,0.9400144749435825,0.019230769230769232,0.08717948717948719,0.047115384615384615,0.5088161209068011
28_pendigits,16,9,disagreement_shell,-0.1731535774683504,0.9357349540893515,0.00641025641025641,0.09743589743589744,-0.020211161387631977,0.51010101010101
28_pendigits,16,9,shell_box_mix,0.1814227687250083,0.9457241879306184,0.28846153846153844,0.2705128205128205,0.18482277526395174,0.41192411924119243
38_thyroid,6,3,normals_only,-0.09340216645280652,0.904364326188834,0.1827956989247312,0.4258064516129033,0.16559139784946236,0.41081081081081083
38_thyroid,6,3,uniform_shell,-0.027931127092596455,0.9369865829792591,0.27956989247311825,0.5376344086021507,0.38494623655913973,0.6057692307692307
38_thyroid,6,3,disagreement_shell,0.3812479484348423,0.928378574814581,0.22580645161290322,0.4731182795698926,0.3195712412821766,0.48677248677248675
38_thyroid,6,3,shell_box_mix,0.5845692459192503,0.9579821883612654,0.3225806451612903,0.5129032258064518,0.42918586789554536,0.6902654867256637
38_thyroid,6,8,normals_only,0.4733371131867148,0.9024019316683646,0.0967741935483871,0.3591397849462367,0.00952380952380952,0.5945945945945946
38_thyroid,6,8,uniform_shell,0.49888096445943114,0.9283865045769538,0.3655913978494624,0.481720430107527,0.3167434715821813,0.6
38_thyroid,6,8,disagreement_shell,0.5981170361970695,0.9187986159249942,0.08602150537634409,0.45053763440860223,0.16251920122887867,0.7142857142857143
38_thyroid,6,8,shell_box_mix,0.5463728328011698,0.9300419796995252,0.20430107526881722,0.41720430107526896,0.1938556067588326,0.68
26_optdigits,64,7,normals_only,0.2953402328727911,0.8908506753906532,0.02666666666666667,0.043333333333333335,0.17051739926739923,0.4329004329004329
26_optdigits,64,7,uniform_shell,0.17307579477751917,0.8787143142560558,0.0,0.008000000000000002,0.03473290598290598,0.3225806451612903
26_optdigits,64,7,disagreement_shell,0.19466337631766562,0.853174065227234,0.006666666666666667,0.002666666666666667,-0.018286322756179717,0.3185840707964602
26_optdigits,64,7,shell_box_mix,0.02990294300145967,0.8684242619955275,0.006666666666666667,0.010666666666666668,-0.026467643467643468,0.29493087557603687
26_optdigits,64,9,normals_only,0.29180215946932453,0.896489510735192,0.006666666666666667,0.06333333333333334,0.19311874236874235,0.4730290456431535
26_optdigits,64,9,uniform_shell,0.5104159814242256,0.8161342308310752,0.0,0.018666666666666665,0.002785714285714288,0.47101449275362317
26_optdigits,64,9,disagreement_shell,0.17661386818098576,0.8692010140532576,0.0,0.04,0.11572881041770228,0.41064638783269963
26_optdigits,64,9,shell_box_mix,0.19763962499977772,0.8549401249359567,0.0,0.04533333333333334,0.0961730769230769,0.37777777777777777
28_pendigits,16,4,normals_only,0.1790899464209511,0.9403499733810088,0.1987179487179487,0.1583333333333333,-0.009992458521870286,0.6061946902654868
28_pendigits,16,4,uniform_shell,0.33022711826903317,0.9447695236452952,0.09615384615384616,0.10705128205128205,-0.044343891402714934,0.4854368932038835
28_pendigits,16,4,disagreement_shell,0.12843166695642552,0.9567042849806995,0.23076923076923078,0.23974358974358978,0.2965686274509804,0.37402597402597404
28_pendigits,16,4,shell_box_mix,0.4936953738679647,0.9496150843470378,0.30128205128205127,0.23076923076923078,0.05320512820512821,0.4520884520884521
47_yeast,8,1,normals_only,0.7988351112979286,0.9311614276986898,0.47928994082840237,0.5644970414201184,0.5872779654818258,0.39655172413793105
47_yeast,8,1,uniform_shell,0.8172447909880652,0.916708834310031,0.32938856015779094,0.49132149901380673,0.46050530665915285,0.5546218487394958
47_yeast,8,1,disagreement_shell,0.8095838361218626,0.909225847089954,0.3096646942800789,0.4461538461538462,0.3850380388841928,0.49572649572649574
47_yeast,8,1,shell_box_mix,0.7799185378993976,0.9132963911801437,0.22485207100591717,0.45069033530571995,0.38748004132619523,0.5641025641025641
47_yeast,8,5,normals_only,0.7313216574365358,0.9242264746898303,0.46942800788954636,0.5554240631163708,0.5791938742152917,0.3939393939393939
47_yeast,8,5,uniform_shell,0.7968137978216923,0.9113654946501925,0.29980276134122286,0.4648915187376726,0.4656241194702733,0.4461538461538462
47_yeast,8,5,disagreement_shell,0.7029952768187516,0.9054414567994236,0.2859960552268245,0.42248520710059173,0.4213863060016907,0.46511627906976744
47_yeast,8,5,shell_box_mix,0.7690415473287255,0.9024492491862033,0.2583826429980276,0.4090729783037476,0.3668169437400207,0.37606837606837606
28_pendigits,16,2,normals_only,-0.14395536659765135,0.9161558845492274,0.17307692307692307,0.1724358974358974,0.018759426847662145,0.32020997375328086
28_pendigits,16,2,uniform_shell,0.4038880371734285,0.9340921796917635,0.05128205128205128,0.0955128205128205,-0.010067873303167421,0.40703517587939697
28_pendigits,16,2,disagreement_shell,-0.15858450158840542,0.9174709816570998,0.02564102564102564,0.07115384615384616,-0.2137820512820513,0.3877551020408163
28_pendigits,16,2,shell_box_mix,0.4985380348026741,0.9356620083985637,0.057692307692307696,0.1544871794871795,0.08412518853695325,0.33604336043360433
47_yeast,8,7,normals_only,0.714977120724034,0.9203478561891152,0.46942800788954636,0.5637080867850098,0.5444554868202387,0.42718446601941745
47_yeast,8,7,uniform_shell,0.7796427619399711,0.9166625235736807,0.3905325443786982,0.49053254437869825,0.4409692871231334,0.48148148148148145
47_yeast,8,7,disagreement_shell,0.7404004414256926,0.91274223919741,0.3629191321499014,0.4767258382642998,0.4093171785479478,0.4444444444444444
47_yeast,8,7,shell_box_mix,0.7587826816380632,0.9064864427036475,0.3609467455621302,0.42169625246548326,0.34704611627688553,0.44642857142857145
28_pendigits,16,0,normals_only,0.30067487474514387,0.9181420685786642,0.14102564102564102,0.14679487179487177,-0.005166620313179595,0.3215258855585831
28_pendigits,16,0,uniform_shell,0.2767302555673215,0.9417639585713777,0.03205128205128205,0.15705128205128205,0.14854826546003017,0.6235565819861432
28_pendigits,16,0,disagreement_shell,0.19891893600543692,0.9347645925107337,0.16666666666666666,0.1487179487179487,0.0715497737556561,0.42408376963350786
28_pendigits,16,0,shell_box_mix,0.5550188870098465,0.9402853612366996,0.08333333333333333,0.18397435897435896,0.09424962292609351,0.5480769230769231
47_yeast,8,6,normals_only,0.8707026946395874,0.9391633533551325,0.5680473372781065,0.5970414201183432,0.6431619700812432,0.4782608695652174
47_yeast,8,6,uniform_shell,0.8313353311360266,0.9214660586405492,0.4891518737672584,0.5370808678500987,0.5292101061331831,0.4691358024691358
47_yeast,8,6,disagreement_shell,0.8009459253526502,0.9197960921434051,0.4260355029585799,0.5059171597633136,0.5094862402554711,0.4444444444444444
47_yeast,8,6,shell_box_mix,0.8047020031279164,0.9181123620457426,0.4378698224852071,0.5096646942800789,0.4757678219216681,0.4691358024691358
38_thyroid,6,2,normals_only,0.4855868222374742,0.9199682795318429,0.3010752688172043,0.47096774193548385,0.31906444665772293,0.5373134328358209
38_thyroid,6,2,uniform_shell,0.16894452567813553,0.8972566047733389,0.24731182795698925,0.46344086021505376,0.2497695852534563,0.54
38_thyroid,6,2,disagreement_shell,0.11870729014353494,0.8946231251167022,0.23655913978494625,0.46774193548387105,0.28420058087996447,0.5507246376811594
38_thyroid,6,2,shell_box_mix,0.6964727999761272,0.9570085104760279,0.45161290322580644,0.5419354838709678,0.45499231950844865,0.6188340807174888
26_optdigits,64,6,normals_only,0.42729081363242793,0.8965092054606005,0.04,0.10333333333333333,0.23812545787545786,0.5045045045045045
26_optdigits,64,6,uniform_shell,0.254433703793917,0.8947490619384336,0.02,0.1,0.21480792139523616,0.32124352331606215
26_optdigits,64,6,disagreement_shell,0.2918590531119933,0.8633826681150022,0.006666666666666667,0.04133333333333333,0.01712118437118437,0.45038167938931295
26_optdigits,64,6,shell_box_mix,0.3348528677062794,0.8820294345613221,0.04,0.051333333333333335,0.043465811965811965,0.3923444976076555
47_yeast,8,8,normals_only,0.799998987133371,0.9391267914840282,0.52465483234714,0.6203155818540433,0.6508745563374077,0.36666666666666664
47_yeast,8,8,uniform_shell,0.8532170255514023,0.9297496899263484,0.504930966469428,0.5495069033530573,0.5524091293322062,0.37037037037037035
47_yeast,8,8,disagreement_shell,0.8701957088524083,0.9195901227409488,0.398422090729783,0.4627218934911243,0.43744716821639906,0.5040650406504065
47_yeast,8,8,shell_box_mix,0.8211982856771911,0.9163629923343373,0.3865877712031558,0.4420118343195267,0.4099746407438716,0.4672897196261682
47_yeast,8,9,normals_only,0.799505352769937,0.905509476010017,0.4556213017751479,0.5001972386587772,0.47636062384850886,0.34710743801652894
47_yeast,8,9,uniform_shell,0.8057372449014827,0.9002419179826779,0.33925049309664695,0.4355029585798817,0.39222316145393077,0.4032258064516129
47_yeast,8,9,disagreement_shell,0.7727368531062547,0.9003551553553671,0.378698224852071,0.43017751479289945,0.36813186813186816,0.45901639344262296
47_yeast,8,9,shell_box_mix,0.73828981152854,0.895530187314299,0.27218934911242604,0.4059171597633136,0.32694655771578846,0.4132231404958678
47_yeast,8,2,normals_only,0.7253784322942396,0.9204282709152136,0.5009861932938856,0.5664694280078897,0.608444318361791,0.2905982905982906
47_yeast,8,2,uniform_shell,0.8070921842146578,0.9104862019730489,0.3609467455621302,0.4631163708086785,0.4497980651826807,0.34328358208955223
47_yeast,8,2,disagreement_shell,0.821730593130094,0.9129528716847115,0.32938856015779094,0.48777120315581857,0.4909833755987603,0.3492063492063492
47_yeast,8,2,shell_box_mix,0.7916871273398947,0.901689756181992,0.2603550295857988,0.4453648915187377,0.37052690898844753,0.39316239316239315
38_thyroid,6,5,normals_only,0.45465667989615344,0.9499622845044847,0.45161290322580644,0.6935483870967742,0.6350230414746545,0.6388888888888888
38_thyroid,6,5,uniform_shell,-0.14398257288651484,0.9197456754501291,0.22580645161290322,0.49677419354838714,0.36405529953917065,0.5463917525773195
38_thyroid,6,5,disagreement_shell,0.31659753513771594,0.9499383561127294,0.20430107526881722,0.6752688172043011,0.5195084485407067,0.7248908296943232
38_thyroid,6,5,shell_box_mix,0.6590522514995075,0.9507197973738426,0.1935483870967742,0.5064516129032259,0.39416282642089095,0.7350427350427351
26_optdigits,64,0,normals_only,0.344524786959977,0.8919775359719158,0.006666666666666667,0.046,0.15851343101343096,0.5017421602787456
26_optdigits,64,0,uniform_shell,0.26801706098109523,0.876381957490598,0.0,0.018666666666666665,0.07361601673508775,0.3185840707964602
26_optdigits,64,0,disagreement_shell,-0.019967890650418787,0.8737335310857925,0.0,0.03266666666666667,-0.002938644688644689,0.3463203463203463
26_optdigits,64,0,shell_box_mix,0.46645141905190296,0.8829412605076415,0.0,0.014666666666666668,0.003213374030648537,0.2767857142857143
47_yeast,8,4,normals_only,0.8016596280109187,0.9152952384302426,0.47731755424063116,0.5536489151873768,0.5464282261867551,0.48854961832061067
47_yeast,8,4,uniform_shell,0.86285270202891,0.9095658857332497,0.3826429980276134,0.48698224852071015,0.4418145956607496,0.44776119402985076
47_yeast,8,4,disagreement_shell,0.8038325031663592,0.9045002627376705,0.3708086785009862,0.4637080867850099,0.39518174133558753,0.45161290322580644
47_yeast,8,4,shell_box_mix,0.7633947237935723,0.8993067091105226,0.2702169625246548,0.4072978303747535,0.33122006198929277,0.46616541353383456
38_thyroid,6,4,normals_only,0.35910596520545485,0.9061875814136555,0.23655913978494625,0.42258064516129046,0.1465437788018433,0.5971563981042654
38_thyroid,6,4,uniform_shell,0.5112052758795619,0.9263493533290899,0.2903225806451613,0.3956989247311829,0.09185867895545319,0.5643564356435643
38_thyroid,6,4,disagreement_shell,0.546387753275044,0.9312032156084964,0.17204301075268819,0.4397849462365592,0.20860215053763442,0.647887323943662
38_thyroid,6,4,shell_box_mix,0.3729969263823818,0.9438885769690034,0.26881720430107525,0.4698924731182796,0.3517665130568357,0.5581395348837209
28_pendigits,16,8,normals_only,-0.20938818732120557,0.9003416793250492,0.00641025641025641,0.07051282051282051,-0.10718325791855203,0.5321100917431193
28_pendigits,16,8,uniform_shell,0.4497036557032447,0.9241420766278086,0.00641025641025641,0.1423076923076923,0.008239064856711917,0.34540389972144847
28_pendigits,16,8,disagreement_shell,0.264968152866242,0.9346241144705771,0.1282051282051282,0.1641025641025641,0.14306184012066364,0.5807962529274004
28_pendigits,16,8,shell_box_mix,0.5941584612223609,0.9274501890577915,0.019230769230769232,0.10576923076923077,-0.07882730015082956,0.5481481481481482
30_satellite,36,1,normals_only,0.7685461912104005,0.8976552073282811,0.12082514734774066,0.12352652259332025,0.1934000965314529,0.749631087063453
30_satellite,36,1,uniform_shell,0.9111793515820008,0.9122512429489144,0.04862475442043222,0.08187622789783891,0.10088851130108498,0.8630878069080317
30_satellite,36,1,disagreement_shell,0.8082348465837417,0.9053449283448138,0.03143418467583497,0.06669941060903734,0.04443605918172893,0.791023842917251
30_satellite,36,1,shell_box_mix,0.8255687742330239,0.9063176193241699,0.04027504911591356,0.07824165029469549,0.06345485188395059,0.8067303319690768
27_PageBlocks,10,0,normals_only,0.44497558961146694,0.8838734581649477,0.27450980392156865,0.36176470588235293,0.2881560539654657,0.7536617842876165
27_PageBlocks,10,0,uniform_shell,0.7210655761618371,0.9156918693556365,0.19215686274509805,0.37784313725490193,0.2881493238895047,0.8781065088757396
27_PageBlocks,10,0,disagreement_shell,0.6557666390829013,0.9129740653877509,0.19215686274509805,0.34901960784313724,0.253903743315508,0.8317535545023697
27_PageBlocks,10,0,shell_box_mix,0.8468232118856102,0.9260901813501562,0.32745098039215687,0.43686274509803924,0.40041919783271784,0.8525402726146221
30_satellite,36,3,normals_only,0.678173968109763,0.9036527573043662,0.1719056974459725,0.19921414538310414,0.25668277138046314,0.6131621187800963
30_satellite,36,3,uniform_shell,0.7869046022449705,0.9036035707482085,0.10903732809430255,0.09764243614931238,-0.014073321146012698,0.8158362989323843
30_satellite,36,3,disagreement_shell,0.7799262292851907,0.9066991839145295,0.12082514734774066,0.08855599214145383,0.030296743558040223,0.8063520070577856
30_satellite,36,3,shell_box_mix,0.861758567565385,0.9047522432924423,0.05108055009823183,0.11016699410609038,0.010797915513043215,0.833901192504259
27_PageBlocks,10,2,normals_only,0.6813410640247165,0.9092884140671346,0.2627450980392157,0.34509803921568627,0.3113595229107104,0.7580645161290323
27_PageBlocks,10,2,uniform_shell,0.6235924646791732,0.9229808401276381,0.16862745098039217,0.27960784313725495,0.21340671463034414,0.7048458149779736
27_PageBlocks,10,2,disagreement_shell,0.47167619207437533,0.9208966971061249,0.1980392156862745,0.25588235294117645,0.17231679540639475,0.7196765498652291
27_PageBlocks,10,2,shell_box_mix,0.4754867773198576,0.9241240926014166,0.21176470588235294,0.3519607843137255,0.2856090314913844,0.7166882276843467
27_PageBlocks,10,7,normals_only,0.36595744199663344,0.9145798053675528,0.23333333333333334,0.27784313725490195,0.14258089989428357,0.6
27_PageBlocks,10,7,uniform_shell,0.2092324121833248,0.9177735465560695,0.18235294117647058,0.2531372549019608,0.14631439347570324,0.7461928934010152
27_PageBlocks,10,7,disagreement_shell,0.2255995737369685,0.9203332778591694,0.20392156862745098,0.2901960784313726,0.17231891881866143,0.635743519781719
27_PageBlocks,10,7,shell_box_mix,0.6566170844902269,0.927358691466895,0.30980392156862746,0.3143137254901961,0.2710873440285204,0.7846534653465347
31_satimage-2,36,3,normals_only,0.5944532009792415,0.9371459332778481,0.014084507042253521,0.05211267605633803,-0.056381532437870474,0.7037037037037037
31_satimage-2,36,3,uniform_shell,0.18367483819041552,0.959059032151362,0.0,0.054929577464788736,0.10186524552721737,0.7345454545454545
31_satimage-2,36,3,disagreement_shell,0.5838223951172072,0.9610755874938773,0.056338028169014086,0.07183098591549296,-0.050435949027498324,0.5954198473282443
31_satimage-2,36,3,shell_box_mix,0.07538817532445756,0.9599249179239588,0.11267605633802817,0.08873239436619719,-0.02429713415628909,0.6379928315412187
31_satimage-2,36,2,normals_only,0.09312854220463464,0.928462327514397,0.08450704225352113,0.07042253521126762,0.08895172838834811,0.6037735849056604
31_satimage-2,36,2,uniform_shell,-0.12347831919246119,0.9528699762816104,0.07042253521126761,0.09014084507042254,-0.008889372269653957,0.6518518518518519
31_satimage-2,36,2,disagreement_shell,0.23119487575036052,0.9629739951246805,0.014084507042253521,0.0619718309859155,0.09134083781971107,0.75177304964539
31_satimage-2,36,2,shell_box_mix,0.7883228813843522,0.9704499023768917,0.07042253521126761,0.10845070422535212,0.0815741294614534,0.7074829931972789
27_PageBlocks,10,4,normals_only,0.13511764638034884,0.8852394349017425,0.19411764705882353,0.2703921568627451,0.1440321712376738,0.6158273381294964
27_PageBlocks,10,4,uniform_shell,0.3484120865290434,0.9199314670416153,0.2529411764705882,0.30431372549019603,0.20191135132058963,0.7238605898123325
27_PageBlocks,10,4,disagreement_shell,0.4513134478432761,0.9122394449246666,0.18823529411764706,0.2803921568627451,0.1489474326248755,0.772104607721046
27_PageBlocks,10,4,shell_box_mix,0.7972914838083147,0.9251728885011369,0.18627450980392157,0.30666666666666675,0.2363161021984551,0.7975
26_optdigits,64,2,normals_only,0.43855575488085213,0.8967233893021811,0.02666666666666667,0.04533333333333334,0.22824755799755803,0.3686274509803922
26_optdigits,64,2,uniform_shell,0.24361324412884272,0.8886487985535998,0.02,0.04266666666666667,0.057442612942612936,0.4080267558528428
26_optdigits,64,2,disagreement_shell,0.3395465932264562,0.8823371699378627,0.0,0.02,0.0609102564102564,0.460431654676259
26_optdigits,64,2,shell_box_mix,0.10457229315160553,0.8951427395871777,0.013333333333333334,0.04066666666666667,0.13571398046398042,0.312
19_landsat,36,7,normals_only,0.6610239972367985,0.8890295265319011,0.17029257314328583,0.17209302325581394,0.27293232574552906,0.39487179487179486
19_landsat,36,7,uniform_shell,0.6657410685586019,0.8868686516805875,0.14103525881470366,0.15198799699924978,0.2334456200922818,0.42455242966751916
19_landsat,36,7,disagreement_shell,0.6354108534021953,0.8767821954557383,0.0900225056264066,0.08649662415603902,0.07923660451792486,0.4558139534883721
19_landsat,36,7,shell_box_mix,0.5994562378995818,0.8751283497730703,0.03900975243810953,0.06804201050262566,0.029091442744856102,0.43478260869565216
4_breastw,9,0,normals_only,0.07900884156082971,0.7745819545019252,0.09623430962343096,0.23179916317991633,0.02539208575344437,0.27076923076923076
4_breastw,9,0,uniform_shell,0.07900884156082971,0.7745819545019252,0.09623430962343096,0.23179916317991633,0.02539208575344437,0.27076923076923076
4_breastw,9,0,disagreement_shell,0.07900884156082971,0.7745819545019252,0.09623430962343096,0.23179916317991633,0.02539208575344437,0.27076923076923076
4_breastw,9,0,shell_box_mix,0.5010910759437202,0.9326618938640089,0.32217573221757323,0.3807531380753139,0.2605997210599721,0.8924302788844621
41_Waveform,21,1,normals_only,0.843156315631563,0.9570925158924011,0.48,0.4930000000000001,0.7794545454545455,0.6666666666666666
41_Waveform,21,1,uniform_shell,0.7093549354935492,0.909283214991365,0.25,0.277,0.4263246753246754,0.44036697247706424
41_Waveform,21,1,disagreement_shell,0.5464506450645064,0.8973435576295553,0.19,0.20799999999999996,0.3122467532467532,0.336283185840708
41_Waveform,21,1,shell_box_mix,0.7519711971197119,0.9054250313742049,0.22,0.24,0.3972597402597402,0.4074074074074074
23_mammography,6,8,normals_only,0.7989679213063895,0.9475376609666726,0.45384615384615384,0.6719230769230768,0.6424175824175825,0.7405247813411079
23_mammography,6,8,uniform_shell,0.7800039191133248,0.9483117660479831,0.45,0.6515384615384615,0.5923076923076923,0.6726190476190477
23_mammography,6,8,disagreement_shell,0.581916637591944,0.9381070920404078,0.43846153846153846,0.7061538461538461,0.6448351648351649,0.5704697986577181
23_mammography,6,8,shell_box_mix,0.691937892295392,0.9389138714092661,0.5384615384615384,0.5830769230769232,0.5305494505494507,0.6436781609195402
23_mammography,6,1,normals_only,0.7984380899579891,0.9290828220041634,0.3730769230769231,0.5407692307692309,0.44527472527472534,0.6082191780821918
23_mammography,6,1,uniform_shell,0.8557670708451426,0.9324935308816104,0.3923076923076923,0.573076923076923,0.45561241720461093,0.654054054054054
23_mammography,6,1,disagreement_shell,0.768978511105634,0.9306916313063499,0.3730769230769231,0.6192307692307693,0.5325290768475156,0.6292134831460674
23_mammography,6,1,shell_box_mix,0.6394743472184197,0.9358622485994257,0.3,0.5476923076923077,0.4610989010989012,0.5714285714285714
27_PageBlocks,10,5,normals_only,0.673584289059166,0.8979161306005295,0.15490196078431373,0.28470588235294114,0.16439240632009786,0.8072445019404916
27_PageBlocks,10,5,uniform_shell,0.5920780390634064,0.9143254348051892,0.18235294117647058,0.23098039215686278,0.10364824717765894,0.7885117493472585
27_PageBlocks,10,5,disagreement_shell,0.5427939090160919,0.9138267129628476,0.18823529411764706,0.27019607843137255,0.14790280818811058,0.8089330024813896
27_PageBlocks,10,5,shell_box_mix,0.7805776669200393,0.9227642335994991,0.296078431372549,0.3903921568627451,0.3157219251336898,0.8262370540851554
27_PageBlocks,10,3,normals_only,0.14288500555105377,0.9335344944987563,0.18823529411764706,0.27588235294117647,0.1857148103726325,0.6788036410923277
27_PageBlocks,10,3,uniform_shell,0.510942326711345,0.9433653914693481,0.11764705882352941,0.24843137254901965,0.06079619726678551,0.72
27_PageBlocks,10,3,disagreement_shell,0.3641706110546596,0.9396136692985458,0.21372549019607842,0.283921568627451,0.22368815211381818,0.7322540473225405
27_PageBlocks,10,3,shell_box_mix,0.5231993790599644,0.947366837845112,0.18823529411764706,0.2876470588235294,0.2393562511287328,0.8290993071593533
2_annthyroid,6,6,normals_only,0.40700943445108406,0.9634355538229983,0.41385767790262173,0.6168539325842696,0.5037988228999466,0.7220843672456576
2_annthyroid,6,6,uniform_shell,0.5133848553487271,0.9575279922696015,0.36329588014981273,0.6022471910112359,0.5076511503477795,0.7144719687092569
2_annthyroid,6,6,disagreement_shell,0.5643288816510004,0.9682796207902625,0.4756554307116105,0.6462546816479401,0.5808453718566078,0.7919293820933165
2_annthyroid,6,6,shell_box_mix,0.6873995002520805,0.9642435290518441,0.34831460674157305,0.5335205992509364,0.4026752273943286,0.8
4_breastw,9,1,normals_only,0.29428724502555065,0.8080874849726642,0.14225941422594143,0.24058577405857742,0.045826336353072664,0.37388724035608306
4_breastw,9,1,uniform_shell,0.29428724502555065,0.8080874849726642,0.14225941422594143,0.24058577405857742,0.045826336353072664,0.37388724035608306
4_breastw,9,1,disagreement_shell,0.29428724502555065,0.8080874849726642,0.14225941422594143,0.24058577405857742,0.045826336353072664,0.37388724035608306
4_breastw,9,1,shell_box_mix,0.7663853675838149,0.9600316874105976,0.5355648535564853,0.49037656903765686,0.4032775453277545,0.8631578947368421
4_breastw,9,2,normals_only,0.06787437309830846,0.804680533573673,0.0502092050209205,0.17573221757322174,-0.15079002604164693,0.4115942028985507
4_breastw,9,2,uniform_shell,0.06787437309830846,0.804680533573673,0.0502092050209205,0.17573221757322174,-0.15079002604164693,0.4115942028985507
4_breastw,9,2,disagreement_shell,0.06787437309830846,0.804680533573673,0.0502092050209205,0.17573221757322174,-0.15079002604164693,0.4115942028985507
4_breastw,9,2,shell_box_mix,0.5070604590122433,0.9338901561952015,0.3179916317991632,0.3485355648535566,0.20481171548117155,0.8268398268398268
23_mammography,6,6,normals_only,0.6365582264851495,0.9417115633407923,0.3576923076923077,0.5434615384615386,0.3718681318681319,0.6342710997442456
23_mammography,6,6,uniform_shell,0.6109057862908872,0.956171837534072,0.35,0.573076923076923,0.4452747252747253,0.5269121813031161
23_mammography,6,6,disagreement_shell,0.7044913448362271,0.9498821851931729,0.4576923076923077,0.5592307692307692,0.4397802197802198,0.6511627906976745
23_mammography,6,6,shell_box_mix,0.44453601180376856,0.9512603127752342,0.34615384615384615,0.6473076923076924,0.572967032967033,0.5775401069518716
4_breastw,9,4,normals_only,-0.16821995739419857,0.7923017335142573,0.14225941422594143,0.300836820083682,0.07692844280617657,0.39067055393586003
4_breastw,9,4,uniform_shell,-0.16821995739419857,0.7923017335142573,0.14225941422594143,0.300836820083682,0.07692844280617657,0.39067055393586003
4_breastw,9,4,disagreement_shell,-0.16821995739419857,0.7923017335142573,0.14225941422594143,0.300836820083682,0.07692844280617657,0.39067055393586003
4_breastw,9,4,shell_box_mix,0.32556343689142014,0.907987039188687,0.3138075313807531,0.4493723849372385,0.2757322175732218,0.8308351177730193
4_breastw,9,5,normals_only,0.1019792315397202,0.8681718868347268,0.058577405857740586,0.18410041841004185,-0.08330212072045576,0.5414364640883977
4_breastw,9,5,uniform_shell,0.1019792315397202,0.8681718868347268,0.058577405857740586,0.18410041841004185,-0.08330212072045576,0.5414364640883977
4_breastw,9,5,disagreement_shell,0.1019792315397202,0.8681718868347268,0.058577405857740586,0.18410041841004185,-0.08330212072045576,0.5414364640883977
4_breastw,9,5,shell_box_mix,0.6939889077242022,0.9488825048933205,0.3807531380753138,0.40878661087866114,0.29923262253204275,0.920892494929006
30_satellite,36,4,normals_only,0.8688320951541741,0.8891195245521886,0.09774066797642436,0.0986738703339882,0.18814905340861404,0.8
30_satellite,36,4,uniform_shell,0.9054461216736145,0.9029515356414153,0.09184675834970531,0.10294695481335953,0.07445136446933197,0.8493506493506493
30_satellite,36,4,disagreement_shell,0.879829984822592,0.898702644083559,0.10265225933202357,0.09459724950884088,0.08477191592969735,0.8358902835890284
30_satellite,36,4,shell_box_mix,0.8625895155577371,0.8977187533630939,0.02848722986247544,0.04896856581532417,-0.002658405387975908,0.8227739726027398
31_satimage-2,36,8,normals_only,0.6209463764713774,0.934220820166907,0.07042253521126761,0.10422535211267606,0.18181521561803254,0.7284345047923323
31_satimage-2,36,8,uniform_shell,0.6466346959991952,0.9633740624314401,0.028169014084507043,0.07183098591549296,0.18494389761995395,0.7301587301587301
31_satimage-2,36,8,disagreement_shell,0.27009624735906634,0.9601941882829588,0.028169014084507043,0.06901408450704226,0.04025232475936701,0.6387096774193548
31_satimage-2,36,8,shell_box_mix,0.6791642912237164,0.9645354374175742,0.04225352112676056,0.06901408450704226,-0.0839813656715065,0.6962025316455697
26_optdigits,64,8,normals_only,0.247407338924319,0.8940159683961472,0.006666666666666667,0.03200000000000001,0.14981654456654458,0.5
26_optdigits,64,8,uniform_shell,0.150929944368685,0.849780143070128,0.03333333333333333,0.030666666666666665,0.056832417582417576,0.44280442804428044
26_optdigits,64,8,disagreement_shell,0.3553950285623865,0.8581860926190905,0.006666666666666667,0.014666666666666668,0.02199481074481074,0.5435540069686411
26_optdigits,64,8,shell_box_mix,0.15527875218018214,0.8908925521105592,0.013333333333333334,0.04,0.0698482905982906,0.350597609561753
26_optdigits,64,4,normals_only,0.30972721276266635,0.8906190061550141,0.006666666666666667,0.043333333333333335,0.17656837606837608,0.49795918367346936
26_optdigits,64,4,uniform_shell,0.22361157287808933,0.889262792994391,0.05333333333333334,0.054000000000000006,0.1099126984126984,0.4019138755980861
26_optdigits,64,4,disagreement_shell,0.11450378964997962,0.8531580958300282,0.0,0.03466666666666667,-0.019167887667887663,0.4144736842105263
26_optdigits,64,4,shell_box_mix,0.2334043911224582,0.8831336864492602,0.013333333333333334,0.06266666666666666,0.05564835164835164,0.36444444444444446
2_annthyroid,6,4,normals_only,0.523296515851127,0.956486902410563,0.29775280898876405,0.550749063670412,0.42279293739967905,0.7184466019417476
2_annthyroid,6,4,uniform_shell,0.6169718853869933,0.9736649388789914,0.4737827715355805,0.6226591760299626,0.6362760834670947,0.7758389261744967
2_annthyroid,6,4,disagreement_shell,0.4881916970447179,0.9635035057129577,0.34831460674157305,0.6205992509363295,0.5449865528382023,0.7121001390820584
2_annthyroid,6,4,shell_box_mix,0.6261784690723101,0.9616326074188003,0.3539325842696629,0.5889513108614233,0.5019796682718032,0.7416666666666667
2_annthyroid,6,0,normals_only,0.3313432729962159,0.9224351681719485,0.4307116104868914,0.5191011235955058,0.34533006900405977,0.5032467532467533
2_annthyroid,6,0,uniform_shell,0.2121066425730615,0.9309479351741862,0.38202247191011235,0.5779026217228465,0.444961111259981,0.5210355987055016
2_annthyroid,6,0,disagreement_shell,0.5246604103937952,0.9338708528533871,0.3895131086142322,0.5361423220973783,0.42160221472064796,0.6090909090909091
2_annthyroid,6,0,shell_box_mix,0.6180625597078191,0.9544973264805561,0.5093632958801498,0.5279026217228465,0.44205457463884434,0.6474164133738601
4_breastw,9,3,normals_only,0.2591319650310709,0.8058308888622424,0.20920502092050208,0.2301255230125523,0.006256458132574628,0.28313253012048195
4_breastw,9,3,uniform_shell,0.2591319650310709,0.8058308888622424,0.20920502092050208,0.2301255230125523,0.006256458132574628,0.28313253012048195
4_breastw,9,3,disagreement_shell,0.2591319650310709,0.8058308888622424,0.20920502092050208,0.2301255230125523,0.006256458132574628,0.28313253012048195
4_breastw,9,3,shell_box_mix,0.7157963623769764,0.890449601088837,0.41422594142259417,0.39497907949790806,0.23730878410167716,0.8257261410788381
2_annthyroid,6,7,normals_only,0.351972306013741,0.9434559678021596,0.3895131086142322,0.5940074906367041,0.46399143927233816,0.5876460767946577
2_annthyroid,6,7,uniform_shell,0.7154693120772676,0.9631402619433556,0.398876404494382,0.5689138576779026,0.4514713750668808,0.7514619883040936
2_annthyroid,6,7,disagreement_shell,0.6398330180767055,0.9651441299614849,0.31273408239700373,0.6159176029962548,0.5146067415730339,0.7464387464387464
2_annthyroid,6,7,shell_box_mix,0.6905293572842998,0.9583232940608412,0.5168539325842697,0.6091760299625468,0.5479935794542538,0.6482982171799028
19_landsat,36,3,normals_only,0.6582009779765741,0.8923140211442868,0.13578394598649662,0.1522130532633158,0.27471404530669347,0.4105691056910569
19_landsat,36,3,uniform_shell,0.5879031703304488,0.883610877542547,0.08927231807951988,0.09789947486871718,0.1378529960675497,0.41941747572815535
19_landsat,36,3,disagreement_shell,0.5362306985433906,0.8788704541984964,0.05476369092273068,0.0781695423855964,0.05789130680353487,0.35986159169550175
19_landsat,36,3,shell_box_mix,0.5187703435441907,0.8762497650323366,0.03975993998499625,0.05243810952738185,-0.004481815434553619,0.3538175046554935
30_satellite,36,6,normals_only,0.8918168575957247,0.8912398474160631,0.09135559921414538,0.11306483300589391,0.22224524054072634,0.8306527909176916
30_satellite,36,6,uniform_shell,0.8631975687653892,0.9076072588480538,0.1738703339882122,0.1719056974459725,0.1329826318038499,0.8560953253895509
30_satellite,36,6,disagreement_shell,0.8465463561001607,0.9024234491804257,0.07809430255402751,0.08767190569744597,0.07099923386760322,0.8461898083216456
30_satellite,36,6,shell_box_mix,0.8422568080599798,0.8972953534193202,0.10461689587426326,0.08167976424361494,0.07041275130277776,0.8277446026642168
30_satellite,36,8,normals_only,0.8687468464229042,0.8968165592585757,0.09332023575638507,0.12298624754420433,0.14610902233993572,0.8322147651006712
30_satellite,36,8,uniform_shell,0.8995594719168333,0.9082483583884715,0.11345776031434185,0.11227897838899803,0.1049567248977858,0.8494533221194281
30_satellite,36,8,disagreement_shell,0.8743846288050611,0.9016784789101104,0.03536345776031434,0.0593320235756385,0.02281987759159975,0.8133153396311291
30_satellite,36,8,shell_box_mix,0.8936984336048603,0.9014320663689153,0.20726915520628683,0.13354616895874263,0.0071384322857800265,0.8343409915356711
27_PageBlocks,10,1,normals_only,0.48058809281443293,0.8956477941510463,0.20588235294117646,0.31470588235294117,0.2158510203256153,0.6394779771615008
27_PageBlocks,10,1,uniform_shell,0.5579794390506964,0.9326960630211026,0.21372549019607842,0.2611764705882353,0.13758764111705285,0.7489597780859917
27_PageBlocks,10,1,disagreement_shell,0.48381039527256925,0.9337541745941482,0.1411764705882353,0.27450980392156865,0.15876411170528817,0.7736625514403292
27_PageBlocks,10,1,shell_box_mix,0.6425569178070883,0.9213594876466115,0.30196078431372547,0.3729411764705883,0.24709644565733013,0.7638888888888888
4_breastw,9,8,normals_only,-0.3747583261290822,0.8509309059003548,0.07112970711297072,0.2112970711297071,-0.003410575596523605,0.3157894736842105
4_breastw,9,8,uniform_shell,-0.3747583261290822,0.8509309059003548,0.07112970711297072,0.2112970711297071,-0.003410575596523605,0.3157894736842105
4_breastw,9,8,disagreement_shell,-0.3747583261290822,0.8509309059003548,0.07112970711297072,0.2112970711297071,-0.003410575596523605,0.3157894736842105
4_breastw,9,8,shell_box_mix,0.556069876327146,0.9500206119737513,0.3598326359832636,0.4330543933054394,0.33549511854951186,0.9134808853118712
19_landsat,36,0,normals_only,0.6055083506279139,0.8895846833811993,0.1800450112528132,0.20060015003750936,0.2943185603350645,0.4316109422492401
19_landsat,36,0,uniform_shell,0.5609130817085729,0.8843044226675437,0.17029257314328583,0.16181545386346585,0.18947767829988385,0.3949367088607595
19_landsat,36,0,disagreement_shell,0.5689071129162411,0.8763219527974413,0.09227306826706677,0.1006001500375094,0.09081092666989142,0.37701149425287356
19_landsat,36,0,shell_box_mix,0.5597544641235475,0.8739178258967477,0.06151537884471118,0.07486871717929483,0.04059315987297983,0.4444444444444444
30_satellite,36,7,normals_only,0.7313734774614203,0.8895385400453906,0.08988212180746562,0.12971512770137525,0.18275527282240167,0.748587570621469
30_satellite,36,7,uniform_shell,0.549710093246034,0.8938685040777057,0.05844793713163065,0.0786836935166994,0.04032864283237475,0.531390134529148
30_satellite,36,7,disagreement_shell,0.8891473525180208,0.9041814946449526,0.05255402750491159,0.08364440078585463,0.10926362792767509,0.8250330542089026
30_satellite,36,7,shell_box_mix,0.9002138540712256,0.9061601274655393,0.036345776031434185,0.09415520628683693,0.012439916762117158,0.8573777229757501
2_annthyroid,6,5,normals_only,0.35033550647302203,0.941832011528968,0.2883895131086142,0.5361423220973784,0.41701444622792944,0.6492829204693612
2_annthyroid,6,5,uniform_shell,0.44530061415445454,0.9564344759220003,0.30711610486891383,0.602434456928839,0.4597110754414126,0.7057291666666666
2_annthyroid,6,5,disagreement_shell,0.5233794985144093,0.9550093760229262,0.35580524344569286,0.6063670411985019,0.44879614767255227,0.749034749034749
2_annthyroid,6,5,shell_box_mix,0.5864802091667474,0.9531139675683327,0.31273408239700373,0.5215355805243447,0.4003210272873195,0.7375
31_satimage-2,36,4,normals_only,0.1316945571615413,0.9378963010483053,0.09859154929577464,0.07464788732394367,0.015759421393224206,0.610738255033557
31_satimage-2,36,4,uniform_shell,0.13890472517522387,0.9559494837365949,0.07042253521126761,0.07323943661971832,-0.0030090452625663876,0.4163568773234201
31_satimage-2,36,4,disagreement_shell,-0.09832657030752207,0.9536883920033302,0.04225352112676056,0.06760563380281691,0.07701798517526588,0.5633802816901409
31_satimage-2,36,4,shell_box_mix,-0.046413360609007685,0.9673322237342852,0.056338028169014086,0.054929577464788736,-0.041260173654539836,0.6226415094339622
2_annthyroid,6,3,normals_only,0.7498411567609888,0.9563732904373908,0.3951310861423221,0.5475655430711611,0.39368646334938473,0.7786499215070644
2_annthyroid,6,3,uniform_shell,0.8164009756964427,0.964434615520069,0.5074906367041199,0.6668539325842697,0.596221486469887,0.8244514106583072
2_annthyroid,6,3,disagreement_shell,0.7681253976006347,0.9662189667689299,0.4756554307116105,0.5930711610486891,0.44483681112894596,0.7474048442906575
2_annthyroid,6,3,shell_box_mix,0.8329087728554488,0.9602345500219163,0.4438202247191011,0.55561797752809,0.360406634563938,0.8102409638554217
30_satellite,36,2,normals_only,0.8454900023692684,0.9047405509291916,0.21365422396856582,0.15918467583497053,0.22081674018845196,0.8046283934134402
30_satellite,36,2,uniform_shell,0.8921249143799931,0.9165338377652618,0.12966601178781925,0.14833005893909626,0.19235447909318246,0.8587187102248621
30_satellite,36,2,disagreement_shell,0.8359619022329412,0.9081074029511934,0.05550098231827112,0.058497053045186646,0.08775863280259105,0.7886029411764706
30_satellite,36,2,shell_box_mix,0.8564981960481525,0.9073797756640656,0.04420432220039293,0.04887033398821218,-0.014410806121539131,0.8019408910454345
31_satimage-2,36,5,normals_only,-0.02142929004996814,0.9366661020721947,0.16901408450704225,0.1478873239436619,0.13733986121581362,0.5931558935361216
31_satimage-2,36,5,uniform_shell,0.1349139810188135,0.9628960040485088,0.056338028169014086,0.09436619718309859,0.07348596080990447,0.6102941176470589
31_satimage-2,36,5,disagreement_shell,0.00985948556289614,0.9628431299250001,0.014084507042253521,0.06760563380281691,0.06476335490419996,0.6879432624113475
31_satimage-2,36,5,shell_box_mix,0.01794158087125658,0.9632458638998713,0.18309859154929578,0.14507042253521124,-0.024097739590697338,0.5830258302583026
19_landsat,36,5,normals_only,0.6063235033605437,0.8906393900378885,0.16804201050262565,0.17126781695423857,0.3065075149096155,0.3522012578616352
19_landsat,36,5,uniform_shell,0.5975723235075554,0.8861855520151223,0.11552888222055514,0.12730682670667667,0.2146362845537639,0.34527687296416937
19_landsat,36,5,disagreement_shell,0.6467750137826203,0.8818356103842148,0.08927231807951988,0.10990247561890473,0.13875167633607244,0.3890577507598784
19_landsat,36,5,shell_box_mix,0.38959322471729807,0.8692199515641401,0.02175543885971493,0.049437359339834966,0.02602115080208752,0.2863961813842482
4_breastw,9,6,normals_only,-0.15214455206992378,0.8130496627314141,0.100418410041841,0.23054393305439333,0.05403156510528692,0.43526170798898073
4_breastw,9,6,uniform_shell,-0.15214455206992378,0.8130496627314141,0.100418410041841,0.23054393305439333,0.05403156510528692,0.43526170798898073
4_breastw,9,6,disagreement_shell,-0.15214455206992378,0.8130496627314141,0.100418410041841,0.23054393305439333,0.05403156510528692,0.43526170798898073
4_breastw,9,6,shell_box_mix,0.6117123321687863,0.9437622730605661,0.4435146443514644,0.39163179916317997,0.3331241283124128,0.8970873786407767
32_shuttle,9,1,normals_only,-0.623639339539222,0.5304239092778389,0.007690116775847337,0.05226431216177727,-0.6558852251201812,0.9398826979472141
32_shuttle,9,1,uniform_shell,-0.6809796846259212,0.8056471892878986,0.011107946454001708,0.15494161207633153,-0.19504734320366257,0.33969202482188005
32_shuttle,9,1,disagreement_shell,0.3125009187736549,0.867686255712327,0.013671318712617488,0.20011392765593852,-0.08677487229038952,0.9800875582544838
32_shuttle,9,1,shell_box_mix,0.552328090510724,0.9357220636856676,0.5385929934491598,0.4778980347479351,0.5123711173405325,0.9870020964360587
4_breastw,9,7,normals_only,0.25120853416968564,0.8795279442283688,0.08368200836820083,0.2556485355648535,0.05704148135683116,0.4702549575070821
4_breastw,9,7,uniform_shell,0.25120853416968564,0.8795279442283688,0.08368200836820083,0.2556485355648535,0.05704148135683116,0.4702549575070821
4_breastw,9,7,disagreement_shell,0.25120853416968564,0.8795279442283688,0.08368200836820083,0.2556485355648535,0.05704148135683116,0.4702549575070821
4_breastw,9,7,shell_box_mix,0.1601145706654618,0.942177553130483,0.3891213389121339,0.43514644351464443,0.40376569037656906,0.838012958963283
41_Waveform,21,0,normals_only,0.7795739573957395,0.9525088593939026,0.29,0.42300000000000004,0.7631168831168833,0.7326732673267327
41_Waveform,21,0,uniform_shell,0.8074167416741673,0.9183486665528457,0.31,0.307,0.5449480519480518,0.62
41_Waveform,21,0,disagreement_shell,0.651113111311131,0.8991702768409136,0.2,0.245,0.4072987012987012,0.5742574257425742
41_Waveform,21,0,shell_box_mix,0.6844764476447645,0.9002525743427201,0.2,0.22099999999999997,0.4128181818181818,0.47058823529411764
23_mammography,6,7,normals_only,0.7095493224508524,0.9578378283365769,0.4076923076923077,0.6396153846153847,0.48659340659340666,0.5379746835443038
23_mammography,6,7,uniform_shell,0.8024357221034579,0.9677405665052062,0.39615384615384613,0.6334615384615385,0.52989010989011,0.60790273556231
23_mammography,6,7,disagreement_shell,0.744520922534697,0.9573200045341171,0.25769230769230766,0.49000000000000005,0.32172775967742384,0.54375
23_mammography,6,7,shell_box_mix,0.6819182079683632,0.963917593864828,0.3346153846153846,0.6173076923076923,0.5430769230769232,0.45016077170418006
31_satimage-2,36,0,normals_only,-0.2639256849659613,0.9272061485198622,0.028169014084507043,0.07746478873239437,0.08678921617293234,0.4980544747081712
31_satimage-2,36,0,uniform_shell,-0.12022535967000907,0.9547338164341179,0.014084507042253521,0.028169014084507043,0.012416843402758896,0.6976744186046512
31_satimage-2,36,0,disagreement_shell,-0.0856165532043328,0.9531418986408129,0.0,0.014084507042253521,-0.057661283013395695,0.6263345195729537
31_satimage-2,36,0,shell_box_mix,0.7266507931184816,0.961586486023185,0.056338028169014086,0.06478873239436621,0.16818750339877103,0.6421404682274248
27_PageBlocks,10,8,normals_only,0.4555626895912711,0.9093240881757099,0.22745098039215686,0.2792156862745098,0.14581170978859867,0.766541822721598
27_PageBlocks,10,8,uniform_shell,0.5825610293637061,0.9204706648693517,0.13529411764705881,0.27294117647058824,0.17275345353991592,0.8112244897959183
27_PageBlocks,10,8,disagreement_shell,0.15442830252643622,0.900200447649544,0.12941176470588237,0.28137254901960784,0.09431114564644755,0.575107296137339
27_PageBlocks,10,8,shell_box_mix,0.6396089905133407,0.9184880881066512,0.21176470588235294,0.24588235294117647,0.050790255496137846,0.7551020408163265
27_PageBlocks,10,9,normals_only,0.4877129816859328,0.9095449166220825,0.16470588235294117,0.3256862745098039,0.29880124551431914,0.7627118644067796
27_PageBlocks,10,9,uniform_shell,0.3309400063279073,0.9357787504137173,0.19411764705882353,0.30627450980392157,0.1970880985894988,0.8216340621403913
27_PageBlocks,10,9,disagreement_shell,0.4284106753016894,0.9383400025663031,0.15490196078431373,0.30686274509803924,0.22291418076090797,0.7800237812128419
27_PageBlocks,10,9,shell_box_mix,0.777583874737289,0.9369768104740126,0.23137254901960785,0.31882352941176473,0.22507427213309564,0.8819742489270386
30_satellite,36,0,normals_only,0.8586843809009771,0.9018905488238246,0.1031434184675835,0.13354616895874263,0.17894400153732176,0.8067978533094812
30_satellite,36,0,uniform_shell,0.8956186208611624,0.9099666958264626,0.08300589390962672,0.11075638506876227,0.06905988222294705,0.8597359735973598
30_satellite,36,0,disagreement_shell,0.8818363137201369,0.9123718261877516,0.08546168958742632,0.09833005893909626,0.11600293810509922,0.838160136286201
30_satellite,36,0,shell_box_mix,0.637186569493701,0.9084137687526253,0.021611001964636542,0.0337426326129666,-0.046571686418233685,0.7123411978221416
2_annthyroid,6,8,normals_only,0.6361267743405469,0.9365697999723084,0.4157303370786517,0.5544943820224719,0.40716960941680047,0.6917293233082706
2_annthyroid,6,8,uniform_shell,0.6681545360999211,0.9485074612565619,0.3838951310861423,0.5773408239700374,0.4932049224184057,0.7244318181818182
2_annthyroid,6,8,disagreement_shell,0.7306343346876791,0.9407296145877283,0.301498127340824,0.6316479400749064,0.48453601113603934,0.7484662576687117
2_annthyroid,6,8,shell_box_mix,0.7128781725058262,0.9385385887782356,0.5243445692883895,0.5958801498127341,0.508721241305511,0.6939443535188216
23_mammography,6,0,normals_only,0.5182713296377143,0.9425164248630079,0.49230769230769234,0.5842307692307692,0.561097296778858,0.5092250922509225
23_mammography,6,0,uniform_shell,0.720155508231845,0.9438485503433806,0.35,0.5857692307692307,0.5285714285714286,0.6241610738255033
23_mammography,6,0,disagreement_shell,0.757897115764736,0.9500333857268934,0.38076923076923075,0.5446153846153847,0.5156043956043956,0.5367647058823529
23_mammography,6,0,shell_box_mix,0.8290413125069559,0.9517393712766496,0.45384615384615384,0.5369230769230771,0.4964835164835165,0.5960264900662252
31_satimage-2,36,9,normals_only,-0.027365102786813776,0.9462959106390578,0.18309859154929578,0.17887323943661967,0.1447314517737053,0.5714285714285714
31_satimage-2,36,9,uniform_shell,-0.22224085314732217,0.9445456105630099,0.056338028169014086,0.08309859154929576,0.10157521706817482,0.610909090909091
31_satimage-2,36,9,disagreement_shell,0.5325798987222912,0.956633432580979,0.18309859154929578,0.12816901408450698,0.07175666612286331,0.7070707070707071
31_satimage-2,36,9,shell_box_mix,0.003923672826050505,0.9621016403510031,0.04225352112676056,0.1366197183098591,0.0861928326717059,0.6041666666666666
32_shuttle,9,3,normals_only,-0.29327146238274976,0.8463463870943261,0.35004272287097693,0.3319282255767588,0.3265055724202034,0.9524361948955916
32_shuttle,9,3,uniform_shell,-0.6246279499732202,0.9383581942132443,0.11164910281970948,0.30971233266875536,0.3549932019763359,0.9848101265822785
32_shuttle,9,3,disagreement_shell,-0.5610382540557982,0.9368651542103101,0.04186841355739106,0.4735972657362575,0.25198609329466554,0.9782362916902204
32_shuttle,9,3,shell_box_mix,0.7750614564266614,0.9508452402529328,0.015380233551694674,0.7239817715750497,0.6243449373675403,0.983197983758051
26_optdigits,64,5,normals_only,0.4849062943925981,0.9003956839531125,0.04,0.11333333333333331,0.2693537851037851,0.4827586206896552
26_optdigits,64,5,uniform_shell,0.348894929887475,0.8862041119082903,0.0,0.022,0.10903525949041624,0.3659574468085106
26_optdigits,64,5,disagreement_shell,0.18396737149592943,0.8859200124072845,0.0,0.024666666666666667,0.08183699633699633,0.35454545454545455
26_optdigits,64,5,shell_box_mix,0.09206991517513462,0.8648893508533309,0.0,0.011333333333333332,0.02551159951159951,0.3798449612403101
32_shuttle,9,0,normals_only,0.07391604602206621,0.5829291772778514,0.0028481913984619764,0.11313016234690969,-0.5771637227727677,0.09270476692125362
32_shuttle,9,0,uniform_shell,0.45445712619644985,0.9099374276850887,0.001708914839077186,0.1240672173170037,-0.10632060145995798,0.9862475442043221
32_shuttle,9,0,disagreement_shell,-0.3163080536785956,0.9502532129819434,0.9259470236399886,0.2925947023639989,0.567591273980837,0.9773306885803343
32_shuttle,9,0,shell_box_mix,0.4854327364719046,0.9411725121174571,0.844488749643976,0.2671888350897181,0.4265309028766733,0.9906542056074766
19_landsat,36,4,normals_only,0.7461932493537096,0.8969941965884912,0.18229557389347337,0.20045011252813202,0.3341202095890768,0.35356200527704484
19_landsat,36,4,uniform_shell,0.6794390866447111,0.8897228554123472,0.12678169542385595,0.1528882220555139,0.2200768338802848,0.3776223776223776
19_landsat,36,4,disagreement_shell,0.6054971338361151,0.881070369201237,0.10652663165791448,0.11072768192048009,0.10430928195369304,0.32142857142857145
19_landsat,36,4,shell_box_mix,0.5822449980176068,0.8777625593525687,0.03900975243810953,0.07239309827456865,0.054284613624448586,0.3559322033898305
30_satellite,36,9,normals_only,0.8069696912586752,0.8957231557271352,0.07367387033398821,0.09484282907662084,0.1498722546981742,0.780114722753346
30_satellite,36,9,uniform_shell,0.8819720346141671,0.9050334804400626,0.09332023575638507,0.13094302554027507,0.062249142209849485,0.8465324384787472
30_satellite,36,9,disagreement_shell,0.9003526702917058,0.9026044964757016,0.06041257367387033,0.07269155206286837,0.09697946613467241,0.8596802841918295
30_satellite,36,9,shell_box_mix,0.86358982923502,0.904919965267744,0.13801571709233793,0.09312377210216108,0.022254123334673435,0.823731728288908
30_satellite,36,5,normals_only,0.8295941147621216,0.895895611403789,0.10609037328094302,0.11453831041257367,0.1883048726525988,0.797799174690509
30_satellite,36,5,uniform_shell,0.8316992651912548,0.903923036683843,0.09332023575638507,0.093762278978389,0.06699878379642624,0.7849411764705883
30_satellite,36,5,disagreement_shell,0.8162784739375183,0.9050558287646522,0.047151277013752456,0.06984282907662082,0.057880164756392655,0.8053382420616659
30_satellite,36,5,shell_box_mix,0.7786860484245695,0.9004200184900273,0.16846758349705304,0.09022593320235756,-0.013259225632374572,0.7925184862983906
4_breastw,9,9,normals_only,-0.2713792650301479,0.7954631510855287,0.16736401673640167,0.2552301255230126,0.05826881778586486,0.34146341463414637
4_breastw,9,9,uniform_shell,-0.2713792650301479,0.7954631510855287,0.16736401673640167,0.2552301255230126,0.05826881778586486,0.34146341463414637
4_breastw,9,9,disagreement_shell,-0.2713792650301479,0.7954631510855287,0.16736401673640167,0.2552301255230126,0.05826881778586486,0.34146341463414637
4_breastw,9,9,shell_box_mix,0.4994060063895516,0.9245145283483479,0.4100418410041841,0.3669456066945607,0.1880055788005579,0.9404761904761905
23_mammography,6,4,normals_only,0.5008940904004257,0.9506484504508115,0.5461538461538461,0.6188461538461538,0.5635164835164836,0.5017921146953405
23_mammography,6,4,uniform_shell,0.676608287354305,0.9520651226281542,0.3923076923076923,0.6111538461538462,0.514725274725275,0.5454545454545454
23_mammography,6,4,disagreement_shell,0.6844963563853214,0.949147879866422,0.5615384615384615,0.556923076923077,0.4733309722792485,0.5961538461538461
23_mammography,6,4,shell_box_mix,0.5248525723789907,0.9496932384057953,0.4846153846153846,0.6130769230769231,0.5474075583238429,0.5018181818181818
41_Waveform,21,4,normals_only,0.8403120312031201,0.9516331284882839,0.4,0.4770000000000001,0.7629350649350648,0.6792452830188679
41_Waveform,21,4,uniform_shell,0.7119471947194719,0.9020225026458196,0.21,0.247,0.41664935064935066,0.5688073394495413
41_Waveform,21,4,disagreement_shell,0.6777197719771977,0.8944344281941825,0.16,0.23299999999999998,0.3507532467532468,0.5
41_Waveform,21,4,shell_box_mix,0.7538913891389137,0.8977262516359201,0.16,0.25,0.3951168831168832,0.5094339622641509
2_annthyroid,6,9,normals_only,0.4834586118056432,0.9537983300899511,0.3951310861423221,0.6346441947565543,0.539780656734621,0.5946843853820598
2_annthyroid,6,9,uniform_shell,0.5089441401768681,0.9653926077494348,0.3202247191011236,0.6387640449438202,0.5480873093466742,0.6058732612055642
2_annthyroid,6,9,disagreement_shell,0.6918946703340328,0.9709239192663798,0.45692883895131087,0.6996254681647941,0.6124130551096844,0.724233983286908
2_annthyroid,6,9,shell_box_mix,0.6032765937074632,0.9618708309125272,0.5749063670411985,0.6365168539325843,0.5670411985018727,0.6776406035665294
23_mammography,6,5,normals_only,0.6730326085249593,0.949373341647334,0.5615384615384615,0.5800000000000001,0.5604395604395606,0.5273311897106109
23_mammography,6,5,uniform_shell,0.6129643449447878,0.9510962828815034,0.5230769230769231,0.6561538461538462,0.6432967032967034,0.5051903114186851
23_mammography,6,5,disagreement_shell,0.7720864908709925,0.9516479326804631,0.38461538461538464,0.6050000000000001,0.5507692307692309,0.5298013245033113
23_mammography,6,5,shell_box_mix,0.7754033989773437,0.9536652062139827,0.6,0.638846153846154,0.6349450549450549,0.6475644699140402
19_landsat,36,6,normals_only,0.6381346187472756,0.8875383727385275,0.15528882220555137,0.1714178544636159,0.2692723489217139,0.41277641277641275
19_landsat,36,6,uniform_shell,0.6523613459384133,0.8853667971397481,0.14028507126781695,0.15446361590397598,0.21944578808794865,0.45714285714285713
19_landsat,36,6,disagreement_shell,0.6448583052201722,0.8807312011557693,0.1140285071267817,0.12243060765191296,0.14917204204526036,0.44
19_landsat,36,6,shell_box_mix,0.4070208108775847,0.8710784364328443,0.03225806451612903,0.06181545386346586,0.014064890980495107,0.3799126637554585
32_shuttle,9,9,normals_only,0.22390805813672313,0.8302910891603422,0.12902307035032753,0.20518370834520083,0.10174412877021295,0.8274307791371539
32_shuttle,9,9,uniform_shell,0.19637343021291256,0.8543643033308824,0.01822842495015665,0.02589005981201937,-0.25846834876079217,0.9795116474880718
32_shuttle,9,9,disagreement_shell,0.05315440122483265,0.9376242645344759,0.7678724010253489,0.5527485046995158,0.5676113168138232,0.9840514829322887
32_shuttle,9,9,shell_box_mix,-0.27561998568967233,0.6826496501695043,0.006550840216462546,0.14574195385929933,-0.15301635300964225,0.8420718144264379
23_mammography,6,2,normals_only,0.6821592266100969,0.9072786167354875,0.36923076923076925,0.47115384615384626,0.23406593406593412,0.5792682926829268
23_mammography,6,2,uniform_shell,0.7926099451255859,0.9359366713501583,0.3,0.5073076923076923,0.3230769230769231,0.5419354838709678
23_mammography,6,2,disagreement_shell,0.7505252226349962,0.9441847555657192,0.4846153846153846,0.551923076923077,0.5024175824175825,0.5739130434782609
23_mammography,6,2,shell_box_mix,0.7961890378167127,0.9549284506522919,0.5923076923076923,0.5680769230769231,0.535824175824176,0.6386554621848739
2_annthyroid,6,1,normals_only,0.567621551771863,0.9323343111519864,0.4438202247191011,0.5333333333333333,0.4250741047185771,0.5595463137996219
2_annthyroid,6,1,uniform_shell,0.16261516750499777,0.9282381638780564,0.4363295880149813,0.5140449438202248,0.34692661301495814,0.5158878504672897
2_annthyroid,6,1,disagreement_shell,0.5914519188164764,0.934230487640217,0.43820224719101125,0.5400749063670413,0.4373461744248261,0.631768953068592
2_annthyroid,6,1,shell_box_mix,0.605529813373724,0.9352552930868704,0.4737827715355805,0.4573033707865169,0.3055109684323168,0.6526655896607432
32_shuttle,9,2,normals_only,-0.6633036589752191,0.8314057522755225,0.015380233551694674,0.1500142409569923,-0.22707177878824072,0.3971313312415957
32_shuttle,9,2,uniform_shell,-0.03312713571032852,0.8906781620633962,0.013671318712617488,0.20378809455995447,0.11678959070415516,0.7350185610747746
32_shuttle,9,2,disagreement_shell,0.1496933446151945,0.9151353347829808,0.02278553118769581,0.26679008829393336,-0.040866799582265266,0.9852230747371412
32_shuttle,9,2,shell_box_mix,0.3780105733262392,0.7648552179583376,0.019652520649387637,0.21552264312161779,-0.19998172444802537,0.06414786626800761
32_shuttle,9,7,normals_only,-0.6514121745850663,0.850253825712485,0.6362859584164056,0.22238678439191115,0.030800237046099035,0.8301214574898785
32_shuttle,9,7,uniform_shell,0.27849174427354684,0.9012954222258796,0.14867559099971517,0.24972942181714614,0.1944127978733504,0.9828265765765766
32_shuttle,9,7,disagreement_shell,0.4728636892766942,0.9091984152150872,0.2577613215608089,0.267644545713472,0.44277284521231636,0.8944308445532436
32_shuttle,9,7,shell_box_mix,-0.19611983731899077,0.9104024268615846,0.6590714896041014,0.42748504699515816,0.5373023563563842,0.9910863509749304
2_annthyroid,6,2,normals_only,0.41215065569503984,0.9328187065565435,0.47191011235955055,0.6235955056179775,0.5139513938149194,0.5826513911620295
2_annthyroid,6,2,uniform_shell,0.6578730392833859,0.9607593369263169,0.43258426966292135,0.654868913857678,0.5796682718031033,0.6766467065868264
2_annthyroid,6,2,disagreement_shell,0.7865662258590291,0.9629201872940013,0.49250936329588013,0.6383895131086142,0.5705724986623864,0.733044733044733
2_annthyroid,6,2,shell_box_mix,0.7563849662680989,0.9542833877515852,0.4400749063670412,0.6104868913857678,0.5345104333868379,0.7083333333333334
19_landsat,36,2,normals_only,0.4824133522338809,0.8885886362751583,0.13953488372093023,0.16804201050262565,0.2777491670214851,0.35403726708074534
19_landsat,36,2,uniform_shell,0.5707980947990351,0.8840869756696984,0.14028507126781695,0.13510877719429856,0.19886380861624672,0.39080459770114945
19_landsat,36,2,disagreement_shell,0.4985403275734854,0.879487262424419,0.12528132033008252,0.12813203300825207,0.1374915157360769,0.378698224852071
19_landsat,36,2,shell_box_mix,0.39944233799444223,0.8720360982476115,0.035258814703675916,0.062115528882220564,0.01013206969696092,0.34831460674157305
23_mammography,6,9,normals_only,0.7507935521709774,0.9399242717289289,0.5461538461538461,0.588076923076923,0.5770425929532254,0.5855263157894737
23_mammography,6,9,uniform_shell,0.7336429933559424,0.9166483845634651,0.4307692307692308,0.5030769230769231,0.35538461538461547,0.569620253164557
23_mammography,6,9,disagreement_shell,0.5382075996659879,0.8998920138083321,0.3576923076923077,0.5123076923076924,0.390966686099351,0.6031746031746031
23_mammography,6,9,shell_box_mix,0.5472065393205188,0.9321307075013567,0.5,0.46269230769230774,0.36039074330887316,0.4536741214057508
6_cardio,21,3,normals_only,0.571705449818897,0.8925224795272808,0.2784090909090909,0.2420454545454546,0.3037682493177906,0.3465346534653465
6_cardio,21,3,uniform_shell,0.5665326508173573,0.8857017008933041,0.3409090909090909,0.17670454545454548,0.0638920164786034,0.5422222222222223
6_cardio,21,3,disagreement_shell,0.4072456606269653,0.9011273330452247,0.05113636363636364,0.14488636363636365,0.22065464671617996,0.5758754863813229
6_cardio,21,3,shell_box_mix,0.7541203545238329,0.8947670901185026,0.3068181818181818,0.21931818181818183,0.20926800472255017,0.6973180076628352
19_landsat,36,9,normals_only,0.5762497291935124,0.8860864500432616,0.1447861965491373,0.1606151537884471,0.2953958566861793,0.3215258855585831
19_landsat,36,9,uniform_shell,0.6403409525747457,0.882320219284004,0.1110277569392348,0.1264066016504126,0.20346457270688328,0.46741573033707867
19_landsat,36,9,disagreement_shell,0.476505603770366,0.8737081419568051,0.08177044261065267,0.10067516879219807,0.12411539178230853,0.3378995433789954
19_landsat,36,9,shell_box_mix,0.4283633005581109,0.8664782889971215,0.0277569392348087,0.05761440360090022,0.005301137999038806,0.3316582914572864
23_mammography,6,3,normals_only,0.7872467682677453,0.9421913188078958,0.46923076923076923,0.6076923076923076,0.5206593406593406,0.5641025641025641
23_mammography,6,3,uniform_shell,0.8456279013557813,0.9424885364602296,0.45,0.5611538461538462,0.48923076923076936,0.6428571428571429
23_mammography,6,3,disagreement_shell,0.8006973836846085,0.9356490786945844,0.38461538461538464,0.5515384615384615,0.4147252747252748,0.5818181818181818
23_mammography,6,3,shell_box_mix,0.8549859792696659,0.9457758273728228,0.5461538461538461,0.5403846153846154,0.4516483516483517,0.6606606606606606
31_satimage-2,36,1,normals_only,0.5468660920889367,0.9364659008249777,0.0,0.035211267605633804,0.0271031594975257,0.6936026936026936
31_satimage-2,36,1,uniform_shell,0.6189677722257622,0.9626078854729113,0.028169014084507043,0.029577464788732397,0.02518897166784492,0.7284768211920529
31_satimage-2,36,1,disagreement_shell,0.6677286293973641,0.9617901188584642,0.04225352112676056,0.0563380281690141,0.11372378414631935,0.6555183946488294
31_satimage-2,36,1,shell_box_mix,0.35849626077333246,0.9715963455706002,0.028169014084507043,0.13380281690140844,0.16304674896224194,0.6885245901639344
19_landsat,36,1,normals_only,0.6792691020925741,0.891111016717158,0.1312828207051763,0.15288822205551386,0.30445101622896076,0.5036674816625917
19_landsat,36,1,uniform_shell,0.6016076834152417,0.8833561243953907,0.09602400600150038,0.11402850712678167,0.1990308387907788,0.4195121951219512
19_landsat,36,1,disagreement_shell,0.6069347475853525,0.8786837981955561,0.09752438109527382,0.11410352588147037,0.14234408022855136,0.5057915057915058
19_landsat,36,1,shell_box_mix,0.46512765798321815,0.872014239973225,0.03675918979744936,0.060090022505626416,0.032823069103989896,0.31620553359683795
41_Waveform,21,7,normals_only,0.8972937293729372,0.9520844684827481,0.33,0.4760000000000001,0.7471428571428573,0.6915887850467289
41_Waveform,21,7,uniform_shell,0.6655265526552655,0.8982032577110735,0.17,0.18499999999999997,0.31255844155844154,0.34951456310679613
41_Waveform,21,7,disagreement_shell,0.7456705670567055,0.892308089688692,0.16,0.22400000000000003,0.2854025974025974,0.4158415841584158
41_Waveform,21,7,shell_box_mix,0.5689288928892888,0.8872212269539439,0.18,0.175,0.18203896103896103,0.3883495145631068
41_Waveform,21,3,normals_only,0.8938973897389737,0.954639380733661,0.37,0.447,0.7577272727272728,0.5882352941176471
41_Waveform,21,3,uniform_shell,0.6474647464746475,0.912097982374337,0.25,0.26699999999999996,0.4554805194805195,0.3883495145631068
41_Waveform,21,3,disagreement_shell,0.6317071707170716,0.8938765513403878,0.09,0.17299999999999996,0.25563636363636366,0.34951456310679613
41_Waveform,21,3,shell_box_mix,0.5212961296129612,0.9027390209999345,0.22,0.239,0.3632077922077922,0.2777777777777778
41_Waveform,21,6,normals_only,0.8514491449144914,0.9594530562849586,0.35,0.47400000000000003,0.7762467532467532,0.6060606060606061
41_Waveform,21,6,uniform_shell,0.6864446444644463,0.931751846927371,0.38,0.36300000000000004,0.5926233766233766,0.5
41_Waveform,21,6,disagreement_shell,0.6446564656465646,0.9083383771181869,0.15,0.267,0.40098701298701284,0.34615384615384615
41_Waveform,21,6,shell_box_mix,0.729120912091209,0.9200322796883192,0.26,0.31200000000000006,0.49640259740259735,0.4
31_satimage-2,36,6,normals_only,-0.3473624199335994,0.9143278364013028,0.08450704225352113,0.07464788732394366,-0.03808073667228597,0.544
31_satimage-2,36,6,uniform_shell,0.05164492437707502,0.9433451592393126,0.056338028169014086,0.07887323943661972,-0.0680950568274512,0.5111111111111111
31_satimage-2,36,6,disagreement_shell,0.051846138368154535,0.949212270934998,0.056338028169014086,0.11971830985915491,0.09879094386136643,0.647887323943662
31_satimage-2,36,6,shell_box_mix,0.08622019517757135,0.9478747898285689,0.014084507042253521,0.05211267605633803,-0.003922634908550402,0.6529209621993127
6_cardio,21,6,normals_only,0.28343306563181336,0.8670526158675593,0.0625,0.09659090909090909,0.03954308813475285,0.4214876033057851
6_cardio,21,6,uniform_shell,0.4060944377002396,0.9053249347015027,0.23863636363636365,0.18295454545454548,0.091009935960569,0.5168539325842697
6_cardio,21,6,disagreement_shell,0.7879108385547421,0.9152757549758982,0.3352272727272727,0.2420454545454545,0.18699822904368357,0.726027397260274
6_cardio,21,6,shell_box_mix,0.7814107213413177,0.9006937809189871,0.3693181818181818,0.2034090909090909,0.18704988193624558,0.423728813559322
6_cardio,21,0,normals_only,0.20735770125214753,0.8718556163225699,0.1534090909090909,0.17784090909090908,0.1969761133312228,0.2600896860986547
6_cardio,21,0,uniform_shell,0.3100344596461145,0.9121786248944875,0.4034090909090909,0.2755681818181818,0.24858822360547936,0.4541832669322709
6_cardio,21,0,disagreement_shell,0.6140211468425565,0.9030116520245219,0.3806818181818182,0.25227272727272726,0.24635416317111056,0.5333333333333333
6_cardio,21,0,shell_box_mix,0.702830401530268,0.9133611736493837,0.5056818181818182,0.3119318181818182,0.2818919716646989,0.5333333333333333
41_Waveform,21,8,normals_only,0.891113111311131,0.9533098745870496,0.4,0.5120000000000001,0.7558311688311689,0.5663716814159292
41_Waveform,21,8,uniform_shell,0.8100810081008101,0.9238347058367095,0.3,0.3220000000000001,0.560142857142857,0.584070796460177
41_Waveform,21,8,disagreement_shell,0.7769936993699369,0.9042371561164528,0.24,0.257,0.39894805194805194,0.49557522123893805
41_Waveform,21,8,shell_box_mix,0.6812841284128411,0.907075485467907,0.25,0.247,0.41236363636363643,0.4424778761061947
32_shuttle,9,6,normals_only,0.21491377518234858,0.6680530841012478,0.01338649957277129,0.29954428937624616,0.2334487762587514,0.07704569606801276
32_shuttle,9,6,uniform_shell,-0.13033693483733677,0.926542415431547,0.050982626032469384,0.29843349473084596,0.16449469183404145,0.9904948280682135
32_shuttle,9,6,disagreement_shell,-0.700510669577397,0.7839347470486417,0.017373967530618057,0.3074052976360012,0.29931465907601723,0.43500866551126516
32_shuttle,9,6,shell_box_mix,-0.5340922934677091,0.7612343122324701,0.06750213614354884,0.2064938763884933,-0.07756883144086367,0.594216960993596
6_cardio,21,7,normals_only,0.15275055332440385,0.8485990795933099,0.06818181818181818,0.1431818181818182,0.052786119201069834,0.22317596566523606
6_cardio,21,7,uniform_shell,0.5507787263688382,0.8944547129662532,0.07954545454545454,0.13579545454545452,0.14698199527744982,0.505338078291815
6_cardio,21,7,disagreement_shell,0.5179721747437538,0.8869114219746108,0.14204545454545456,0.18806818181818183,0.13667634795363065,0.43846153846153846
6_cardio,21,7,shell_box_mix,0.3331447646321425,0.920260160111273,0.5340909090909091,0.23636363636363636,0.17899940968122785,0.5559322033898305
19_landsat,36,8,normals_only,0.7935857095275886,0.8935330509558006,0.2115528882220555,0.20285071267816954,0.3157689036158654,0.5277777777777778
19_landsat,36,8,uniform_shell,0.8187106189408488,0.8880880506424347,0.1140285071267817,0.12483120780195049,0.21096181381252652,0.515426497277677
19_landsat,36,8,disagreement_shell,0.7353605034833813,0.8844169823107785,0.11177794448612154,0.11605401350337584,0.16170142921830843,0.532235939643347
19_landsat,36,8,shell_box_mix,0.7096545804671112,0.8759956774517839,0.030007501875468866,0.049362340585146276,0.007061997159521542,0.5286458333333334
31_satimage-2,36,7,normals_only,0.4083637948958718,0.9107388567789445,0.14084507042253522,0.1056338028169014,0.15830684493125427,0.375
31_satimage-2,36,7,uniform_shell,0.5441161675441832,0.9509351786004949,0.1267605633802817,0.09436619718309858,0.04260880598908767,0.664179104477612
31_satimage-2,36,7,disagreement_shell,0.5028002280425232,0.9507323351600642,0.1267605633802817,0.11690140845070421,0.08327079594685229,0.5440613026819924
31_satimage-2,36,7,shell_box_mix,0.09799121365572286,0.9502361159157496,0.1267605633802817,0.07464788732394367,0.08063516232530318,0.3983739837398374
32_shuttle,9,4,normals_only,0.45331202390273784,0.6546015968209322,0.006266021076616349,0.20196525206493882,0.13370840437640416,0.7871876572195203
32_shuttle,9,4,uniform_shell,-0.2866424448125694,0.8824374694856696,0.09171176303047565,0.40851609228140134,0.3865808985115202,0.9669669669669669
32_shuttle,9,4,disagreement_shell,0.33831438689664933,0.8849066065994263,0.3816576473939049,0.6014525776132156,0.6101599226689688,0.984814398200225
32_shuttle,9,4,shell_box_mix,-0.5598108817657986,0.7446717022354215,0.007120478496154941,0.14189689547137568,-0.14780505214382197,0.9883834849545137
32_shuttle,9,5,normals_only,-0.355367823238213,0.8377385206902421,0.5482768442039305,0.270492737111934,0.011983888800576326,0.9890909090909091
32_shuttle,9,5,uniform_shell,0.06304234158718827,0.9092523783331619,0.01082312731415551,0.28046140700655087,0.45642313434122106,0.9891183035714286
32_shuttle,9,5,disagreement_shell,-0.6114831784667037,0.8461737280769336,0.018513244090002847,0.2339219595556822,0.18615814485319165,0.5163143853888775
32_shuttle,9,5,shell_box_mix,0.46784298363273397,0.9517367047272048,0.3010538308174309,0.4615209342067787,0.5038498053735878,0.9891091873778274
7_Cardiotocography,21,1,normals_only,0.030953167982008457,0.853136966095755,0.22103004291845493,0.1989270386266095,0.1846945023766715,0.216
7_Cardiotocography,21,1,uniform_shell,0.7577746082953543,0.8695867563958994,0.11373390557939914,0.16416309012875535,0.11222589414128946,0.4507042253521127
7_Cardiotocography,21,1,disagreement_shell,0.6773874557867577,0.8717019338648146,0.13090128755364808,0.17768240343347638,0.1950372889094924,0.5431309904153354
7_Cardiotocography,21,1,shell_box_mix,0.6781191180564347,0.8810755290593874,0.20386266094420602,0.20107296137339056,0.07456534709075974,0.5266666666666666
41_Waveform,21,9,normals_only,0.8474767476747673,0.9532690054288026,0.31,0.4520000000000001,0.758961038961039,0.6837606837606838
41_Waveform,21,9,uniform_shell,0.7023462346234624,0.9171432907620136,0.24,0.24100000000000002,0.4904935064935065,0.45217391304347826
41_Waveform,21,9,disagreement_shell,0.726048604860486,0.9025536969657055,0.19,0.237,0.4143246753246753,0.3826086956521739
41_Waveform,21,9,shell_box_mix,0.6557935793579356,0.9061453748054012,0.22,0.259,0.4226753246753247,0.4915254237288136
6_cardio,21,4,normals_only,0.3452711262063903,0.8743566240124153,0.24431818181818182,0.2056818181818182,0.1821520567366237,0.25116279069767444
6_cardio,21,4,uniform_shell,0.1405977774573822,0.9048796702701555,0.23863636363636365,0.17102272727272727,0.1493949232585596,0.45714285714285713
6_cardio,21,4,disagreement_shell,0.7404839758793482,0.9042711895513637,0.2784090909090909,0.19829545454545452,0.14615554899645808,0.46825396825396826
6_cardio,21,4,shell_box_mix,0.8146487064150412,0.8904225849476586,0.24431818181818182,0.16079545454545455,0.09593417945690673,0.695364238410596
41_Waveform,21,5,normals_only,0.7946714671467144,0.9513494363615749,0.47,0.48700000000000004,0.7502337662337664,0.4444444444444444
41_Waveform,21,5,uniform_shell,0.7728172817281728,0.9316630213036007,0.4,0.36700000000000005,0.6126363636363636,0.38
41_Waveform,21,5,disagreement_shell,0.5192199219921991,0.9049895235446525,0.22,0.236,0.40645454545454546,0.34
41_Waveform,21,5,shell_box_mix,0.5499069906990699,0.8972177886910186,0.25,0.24100000000000002,0.3273766233766234,0.27450980392156865
6_cardio,21,5,normals_only,0.3606112267347862,0.8812322814127458,0.13068181818181818,0.1630681818181818,0.19982571446661354,0.3247863247863248
6_cardio,21,5,uniform_shell,0.5572964531107782,0.9035948215052639,0.3522727272727273,0.24943181818181817,0.13775521295943288,0.4860557768924303
6_cardio,21,5,disagreement_shell,0.5728984953758479,0.8990091719137406,0.23863636363636365,0.2005681818181818,0.10523907910271545,0.6445182724252492
6_cardio,21,5,shell_box_mix,0.7249281586266328,0.9091595717442996,0.4034090909090909,0.2107954545454545,0.16389462809917357,0.6476868327402135
7_Cardiotocography,21,5,normals_only,0.6978222967851031,0.8525726227073585,0.15236051502145923,0.16394849785407725,0.1724581109234169,0.6029850746268657
7_Cardiotocography,21,5,uniform_shell,0.6524618449095367,0.8794246037608783,0.24248927038626608,0.17145922746781117,0.10148486487053053,0.5506329113924051
7_Cardiotocography,21,5,disagreement_shell,0.6888536826655036,0.8700197602917573,0.18454935622317598,0.19957081545064378,0.13267655091689426,0.5313432835820896
7_Cardiotocography,21,5,shell_box_mix,0.7746741093835092,0.8834521837802936,0.2854077253218884,0.17167381974248927,0.1429518978875202,0.6666666666666666
6_cardio,21,1,normals_only,0.6092093431755923,0.8744959329248329,0.06818181818181818,0.12897727272727272,0.18518967123913638,0.2966507177033493
6_cardio,21,1,uniform_shell,0.7290597942546712,0.9083269770963457,0.26704545454545453,0.1653409090909091,0.13457792207792207,0.5063291139240507
6_cardio,21,1,disagreement_shell,0.5770477405324022,0.898872670851831,0.0625,0.06761363636363636,0.05353453364817003,0.3686635944700461
6_cardio,21,1,shell_box_mix,0.765467494461253,0.9124132972201643,0.3693181818181818,0.16704545454545455,0.1448125737898465,0.6715867158671587
6_cardio,21,2,normals_only,0.7417474595503626,0.8574653886999822,0.10795454545454546,0.13749999999999998,0.13511041869164223,0.5555555555555556
6_cardio,21,2,uniform_shell,0.7850074675406863,0.9115920246777436,0.08522727272727272,0.12329545454545453,0.1846738488783943,0.5076923076923077
6_cardio,21,2,disagreement_shell,0.6690839413206486,0.8871393541282974,0.2784090909090909,0.20170454545454544,0.10463394425974597,0.5413533834586466
6_cardio,21,2,shell_box_mix,0.6743205748630583,0.9160923921292814,0.4431818181818182,0.2346590909090909,0.16387371638245243,0.41935483870967744
41_Waveform,21,2,normals_only,0.7200720072007201,0.9216542454107826,0.44,0.4430000000000001,0.5799090909090908,0.549618320610687
41_Waveform,21,2,uniform_shell,0.6427962796279627,0.906791289138443,0.22,0.25,0.40427272727272723,0.46511627906976744
41_Waveform,21,2,disagreement_shell,0.4906930693069307,0.8971860040515668,0.22,0.20499999999999996,0.27736363636363637,0.3779527559055118
41_Waveform,21,2,shell_box_mix,0.6122172217221721,0.9089575092159009,0.28,0.243,0.42040259740259733,0.49612403100775193
6_cardio,21,9,normals_only,0.7160287431529201,0.8742676316719372,0.2727272727272727,0.20397727272727276,0.14391558137379332,0.5019607843137255
6_cardio,21,9,uniform_shell,0.3787908637363677,0.8729551832570555,0.07386363636363637,0.08920454545454545,0.08700585767528662,0.42857142857142855
6_cardio,21,9,disagreement_shell,0.6908669280947921,0.871835876040473,0.19318181818181818,0.1789772727272727,0.12899799776560525,0.6498194945848376
6_cardio,21,9,shell_box_mix,0.5260307352308334,0.9067065316899654,0.4034090909090909,0.25681818181818183,0.2073937426210154,0.5870307167235495
7_Cardiotocography,21,0,normals_only,0.5167435929894422,0.8679937358110397,0.11587982832618025,0.20364806866952792,0.2442193760869498,0.3194888178913738
7_Cardiotocography,21,0,uniform_shell,0.7549054723772294,0.8854094099906082,0.12660944206008584,0.1888412017167382,0.25070469895203595,0.3925233644859813
7_Cardiotocography,21,0,disagreement_shell,0.3249778767030491,0.882619427386218,0.12446351931330472,0.2017167381974249,0.18350229935829324,0.44623655913978494
7_Cardiotocography,21,0,shell_box_mix,0.5056194804782841,0.8824303732267762,0.1781115879828326,0.16502145922746783,0.18500037913240128,0.46285714285714286
32_shuttle,9,8,normals_only,-0.19858434773014982,0.8005928066418625,0.23981771575049843,0.1607804044431786,-0.12613743723835147,0.9329798202975401
32_shuttle,9,8,uniform_shell,0.33201946314553427,0.8738981812648823,0.011392765593847906,0.29723725434349196,-0.05507624931473918,0.9430490654205608
32_shuttle,9,8,disagreement_shell,-0.47809548880044805,0.7392688950781252,0.005126744517231558,0.17385360296211905,-0.32519739336533066,0.4880902632678646
32_shuttle,9,8,shell_box_mix,-0.3129478402235549,0.8620487648220378,0.019652520649387637,0.1252349757903731,0.02614165005221684,0.9888703394546466
7_Cardiotocography,21,7,normals_only,0.5367324401796426,0.8564145865081282,0.11802575107296137,0.19120171673819744,0.21704522689178313,0.2140221402214022
7_Cardiotocography,21,7,uniform_shell,0.4298172534145474,0.8569254260295363,0.22532188841201717,0.19742489270386265,0.18482584399752588,0.42244224422442245
7_Cardiotocography,21,7,disagreement_shell,0.8218499612082624,0.8833709149535383,0.37553648068669526,0.21223175965665236,0.12533670928454288,0.5689655172413793
7_Cardiotocography,21,7,shell_box_mix,0.30285641780168693,0.8637766956179527,0.2575107296137339,0.17982832618025754,0.1400903411161089,0.26618705035971224
6_cardio,21,8,normals_only,0.6116328545375903,0.8679050604897679,0.13068181818181818,0.18181818181818182,0.19241679270431214,0.32432432432432434
6_cardio,21,8,uniform_shell,0.7613468647885371,0.8623179476784896,0.03977272727272727,0.13522727272727272,0.021192443919716645,0.6455696202531646
6_cardio,21,8,disagreement_shell,0.46324836368959244,0.9118676751753623,0.07386363636363637,0.1068181818181818,0.07550914994096813,0.28
6_cardio,21,8,shell_box_mix,0.7019323155759581,0.9116222983997688,0.3409090909090909,0.1721590909090909,0.14169126328217235,0.42962962962962964
7_Cardiotocography,21,8,normals_only,0.5335043509891818,0.843529112804788,0.1459227467811159,0.1791845493562232,0.14384902934803345,0.11406844106463879
7_Cardiotocography,21,8,uniform_shell,0.029742782765380983,0.845606788984006,0.15665236051502146,0.14613733905579399,0.1776514033326054,0.3493150684931507
7_Cardiotocography,21,8,disagreement_shell,0.24725625166573234,0.8605699629017965,0.0944206008583691,0.12489270386266095,0.12379296400213902,0.2746478873239437
7_Cardiotocography,21,8,shell_box_mix,0.18969791064174307,0.8500447698251347,0.07081545064377683,0.13090128755364808,0.06841170339334829,0.4234527687296417
7_Cardiotocography,21,4,normals_only,0.3193953054437985,0.8713928382903566,0.18025751072961374,0.23991416309012878,0.23073315040344478,0.2077922077922078
7_Cardiotocography,21,4,uniform_shell,0.7711232349907696,0.8831011542694124,0.1459227467811159,0.20107296137339056,0.16437768240343345,0.5594855305466238
7_Cardiotocography,21,4,disagreement_shell,0.8764567505479313,0.8834707014585889,0.16738197424892703,0.18261802575107294,0.13097374728276015,0.6978193146417445
7_Cardiotocography,21,4,shell_box_mix,0.7354922311281976,0.8889849893715386,0.21244635193133046,0.19141630901287557,0.11209254421400737,0.6975308641975309
7_Cardiotocography,21,2,normals_only,0.49821807033859533,0.8666789543404265,0.09227467811158799,0.14506437768240343,0.22553975890923547,0.28654970760233917
7_Cardiotocography,21,2,uniform_shell,0.36865325226547,0.8865840626261364,0.17381974248927037,0.16502145922746783,0.1789730098192222,0.4754521963824289
7_Cardiotocography,21,2,disagreement_shell,0.776884749258925,0.8839432380810501,0.13948497854077252,0.1366952789699571,0.12750433524022547,0.5920745920745921
7_Cardiotocography,21,2,shell_box_mix,0.7312168094959565,0.8875555006995435,0.12660944206008584,0.17339055793991417,0.18973603243237286,0.5314009661835749
7_Cardiotocography,21,3,normals_only,0.42616854735689963,0.880481341499583,0.12660944206008584,0.22124463519313306,0.22743562157194508,0.2931596091205212
7_Cardiotocography,21,3,uniform_shell,0.5408181276738802,0.894740471695287,0.2145922746781116,0.190343347639485,0.14446240454824147,0.5459610027855153
7_Cardiotocography,21,3,disagreement_shell,0.7823729277845187,0.8851298993707393,0.20386266094420602,0.1759656652360515,0.1892643575792042,0.5885558583106267
7_Cardiotocography,21,3,shell_box_mix,0.2136461535405724,0.8970205315243882,0.26180257510729615,0.22381974248927042,0.2016412431464229,0.36990595611285265
7_Cardiotocography,21,6,normals_only,0.7623113887026957,0.8623612151916236,0.1351931330472103,0.19377682403433477,0.2080167683605434,0.3263888888888889
7_Cardiotocography,21,6,uniform_shell,0.8866066968442765,0.8787308430113643,0.1888412017167382,0.1609442060085837,0.127657321219553,0.4786885245901639
7_Cardiotocography,21,6,disagreement_shell,0.7985642462025749,0.872061332179764,0.19742489270386265,0.19463519313304725,0.20012262415695892,0.4755700325732899
7_Cardiotocography,21,6,shell_box_mix,0.7590361031454065,0.8777661770451881,0.24034334763948498,0.1832618025751073,0.17138423611575676,0.56
5_campaign,62,1,normals_only,0.8813692794158938,0.9169309736390131,0.06379310344827586,0.08808189655172413,0.18677965542423317,0.8024224072672218
5_campaign,62,1,uniform_shell,0.8309315556828819,0.9044139954120621,0.039224137931034485,0.05668103448275862,0.11265252440260191,0.629755820556502
5_campaign,62,1,disagreement_shell,0.8761266774468452,0.9056905394593291,0.047629310344827584,0.06049568965517242,0.12310881082799255,0.7592112091333679
5_campaign,62,1,shell_box_mix,0.8671976744747127,0.904639551566061,0.06530172413793103,0.06881465517241381,0.08520007007187945,0.7252336448598131
7_Cardiotocography,21,9,normals_only,0.6597482287280609,0.8695503992631259,0.20815450643776823,0.21244635193133046,0.21187410854757688,0.3375796178343949
7_Cardiotocography,21,9,uniform_shell,0.6429988547766013,0.8847431412962342,0.1888412017167382,0.19935622317596569,0.17919848391951398,0.47023809523809523
7_Cardiotocography,21,9,disagreement_shell,0.33624191814098486,0.8698016668647605,0.11158798283261803,0.21008583690987126,0.18023706900013467,0.3092105263157895
7_Cardiotocography,21,9,shell_box_mix,0.6693946680556786,0.8841789963086167,0.20815450643776823,0.2145922746781116,0.1790730728498969,0.5
5_campaign,62,2,normals_only,0.908479420782152,0.9162292376192913,0.07370689655172413,0.10168103448275861,0.289474754167502,0.8439079169006176
5_campaign,62,2,uniform_shell,0.8371525492350502,0.8950693510424168,0.04633620689655173,0.0713146551724138,0.172749453694092,0.7243340317270278
5_campaign,62,2,disagreement_shell,0.881011280932338,0.8964454315811491,0.04482758620689655,0.07678879310344827,0.17315911328605552,0.8082267926625903
5_campaign,62,2,shell_box_mix,0.8561088640703178,0.8992599011615927,0.04849137931034483,0.07036637931034483,0.14018721705746737,0.7067307692307693
5_campaign,62,8,normals_only,0.8859029517532029,0.9146414034206549,0.06465517241379311,0.09545258620689655,0.22960521271499096,0.7729892945374691
5_campaign,62,8,uniform_shell,0.8190845380580565,0.9024980860175368,0.04418103448275862,0.06071120689655173,0.11887914274280467,0.6447445684086905
5_campaign,62,8,disagreement_shell,0.8259214071119935,0.9013704045116897,0.03879310344827586,0.052284482758620694,0.11156344848478476,0.5957446808510638
5_campaign,62,8,shell_box_mix,0.8385943559231102,0.8972376083279202,0.04892241379310345,0.06260775862068965,0.09738211105101709,0.6454089164452318
5_campaign,62,7,normals_only,0.8977516479812934,0.9188332021684438,0.07629310344827586,0.11215517241379312,0.2914865898900726,0.8095238095238095
5_campaign,62,7,uniform_shell,0.8332512538600156,0.8935710658449915,0.043534482758620686,0.0625,0.11614010150798616,0.6240713224368499
5_campaign,62,7,disagreement_shell,0.8572975312837579,0.8968570997625848,0.04892241379310345,0.06075431034482758,0.10484794078760211,0.7082041161544967
5_campaign,62,7,shell_box_mix,0.8441975523607698,0.8869634997012489,0.046120689655172416,0.05924568965517241,0.08458409421866085,0.5866503368034293
5_campaign,62,5,normals_only,0.9074763505838066,0.9072871293884986,0.07219827586206896,0.1045905172413793,0.2443246664032764,0.8385731559854898
5_campaign,62,5,uniform_shell,0.8542617077276837,0.902940094244053,0.04461206896551724,0.07573275862068966,0.17125450763296338,0.7534854245880862
5_campaign,62,5,disagreement_shell,0.8310622845700019,0.8991633431413528,0.03017241379310345,0.05827586206896551,0.12140362884602045,0.702
5_campaign,62,5,shell_box_mix,0.8161685578139005,0.9003087361108237,0.054310344827586204,0.06573275862068965,0.11140366071791234,0.5934065934065934
5_campaign,62,6,normals_only,0.8974945375901046,0.9104913106977526,0.08620689655172414,0.10831896551724138,0.235900107399003,0.8485646563076112
5_campaign,62,6,uniform_shell,0.8698376963782533,0.8844390286730139,0.052801724137931036,0.05644396551724137,0.0764891001409026,0.7381153305203938
5_campaign,62,6,disagreement_shell,0.8580650653591981,0.889491542614803,0.04504310344827586,0.05640086206896552,0.09773626737352131,0.7176368375325803
5_campaign,62,6,shell_box_mix,0.863728690793656,0.8882313502493839,0.07327586206896551,0.07045258620689655,0.08028538088270348,0.7216967612496418
5_campaign,62,4,normals_only,0.9023638343616259,0.910756012418844,0.0584051724137931,0.09625,0.2600945327267623,0.8329019269485188
5_campaign,62,4,uniform_shell,0.8557297485078322,0.903307274667857,0.03599137931034483,0.07400862068965516,0.16383489244272628,0.7208872458410351
5_campaign,62,4,disagreement_shell,0.8623160888473727,0.8939263967642999,0.028663793103448274,0.05879310344827587,0.15013741114116108,0.7191844300278035
5_campaign,62,4,shell_box_mix,0.8521694207723793,0.8970681506022193,0.034913793103448276,0.06467672413793103,0.135882544121501,0.7217068645640075
5_campaign,62,0,normals_only,0.9084855336176284,0.9190411647844218,0.07155172413793104,0.08633620689655173,0.17492831394403074,0.8440111420612814
5_campaign,62,0,uniform_shell,0.8875871874804807,0.9197419446948286,0.05387931034482758,0.08385775862068966,0.14091238074397872,0.8207148888263439
5_campaign,62,0,disagreement_shell,0.8930266148717793,0.9190317051741902,0.05193965517241379,0.07334051724137931,0.1348293467718056,0.7624113475177305
5_campaign,62,0,shell_box_mix,0.898136702921182,0.9196398507380524,0.09849137931034482,0.09103448275862068,0.14035486128658872,0.8509602380308358
5_campaign,62,3,normals_only,0.9146453308252341,0.9138917393489637,0.0814655172413793,0.11868534482758619,0.2448391815232654,0.7977156597535318
5_campaign,62,3,uniform_shell,0.8711180501176734,0.9109406251400963,0.045689655172413794,0.07704741379310345,0.16578477777806722,0.7351054078826764
5_campaign,62,3,disagreement_shell,0.8622571846959903,0.9096021185888852,0.05560344827586207,0.07931034482758621,0.16437644034944274,0.8123595505617978
5_campaign,62,3,shell_box_mix,0.8734572505559546,0.9103100657530028,0.09698275862068965,0.09036637931034483,0.14022137529860135,0.7886272257323378
5_campaign,62,9,normals_only,0.8876201825934767,0.9149868631963224,0.059267241379310345,0.0971551724137931,0.23275919036867546,0.8287503403212633
5_campaign,62,9,uniform_shell,0.8473039120897345,0.9060263026620372,0.04396551724137931,0.06618534482758621,0.10605773263553311,0.7662373252946013
5_campaign,62,9,disagreement_shell,0.8471491596198494,0.9074848240869685,0.05172413793103448,0.0657543103448276,0.1208738897438417,0.7902964959568733
5_campaign,62,9,shell_box_mix,0.849532224049187,0.9074498680475097,0.06724137931034482,0.07116379310344827,0.12227875151508348,0.7232065059541097
